OBJETID;COD_NDP;DECRETO_LU;DISTRITO;DIRECCION;PLANTA;UNIDADES_VUT;EXPEDIENTE_LU;TIPO;RESOLUCION_LU
1;11009378;Conceder;Distrito de Arganzuela;CALLE  BRONCE  9;BAJA 1UD- PRIMERA 1UD;2; 220/2022/00147;VIVIENDAS DE USO TURÍSTICO;19/08/2022
2;11039707;Conceder;Distrito de Chamberí;CALLE BLASCO DE GARAY  16;BAJA;1;350/2020/00281;VIVIENDAS DE USO TURÍSTICO;01/04/2022
3;11006219;Conceder;Distrito de Centro;CALLE SAN HERMENEGILDO  4;BAJA;1;350/2021/04272;VIVIENDAS DE USO TURÍSTICO;18/08/2022
4;11007086;Conceder;Distrito de Centro;CALLE  LUNA  5;BAJA;2;350/2021/04353;VIVIENDAS DE USO TURÍSTICO;03/05/2023
5;11029032;Conceder;Distrito de Tetuan;CALLE TENERIFE 4;BAJA;1;350/2021/05022;VIVIENDAS DE USO TURÍSTICO;26/05/2022
6;11017096;Conceder;Distrito de Salamanca;GLORIETA CAMPANAR   1;BAJA;1;350/2021/05040;VIVIENDAS DE USO TURÍSTICO;18/03/2022
7;11030259;Conceder;Distrito de Tetuan;CALLE SAN GERMAN 49;PRIMERA;1;350/2022/00038;VIVIENDAS DE USO TURÍSTICO;04/03/2022
8;11013576;Conceder;Distrito de Retiro;CALLE DOCE DE OCTUBRE 34;BAJA;1;350/2022/00042;VIVIENDAS DE USO TURÍSTICO;04/07/2022
9;11012256;Conceder;Distrito de Retiro;CALLE ANTONIO ARIAS 12;BAJA 1 UD - SEMISOTANO 2 UD;3;350/2022/00052;VIVIENDAS DE USO TURÍSTICO;18/08/2022
10;11011921;Conceder;Distrito de Retiro;CALLE SIRIO 46;BAJA;1;350/2022/00107;VIVIENDAS DE USO TURÍSTICO;22/04/2022
11;11002182;Conceder;Distrito de Centro;CALLE  RODAS 3;BAJA;1;350/2022/00307;VIVIENDAS DE USO TURÍSTICO;12/04/2022
12;11002479;Conceder;Distrito de Centro;CALLE MINISTRILES 10;BAJA;1;350/2022/01247;VIVIENDAS DE USO TURÍSTICO;12/01/2024
13;11104439;Conceder;Distrito de Ciudad Lineal;CALLE RICARDO ORTIZ 18;SOTANO;1;350/2022/01538;VIVIENDAS DE USO TURÍSTICO;26/05/2022
14;11104439;Conceder;Distrito de Ciudad Lineal;CALLE RICARDO ORTIZ 18;BAJA;1;350/2022/01542;VIVIENDAS DE USO TURÍSTICO;12/06/2023
15;11069564;Conceder;Distrito de Carabanchel;PASEO SANTA MARIA DE LA CABEZA 124;PRIMERA;1;350/2022/03028;VIVIENDAS DE USO TURÍSTICO;28/06/2022
16;11084110;Conceder;Distrito de Usera;PASEO SANTA MARIA DE LA CABEZA 97;BAJA;1;350/2022/03030;VIVIENDAS DE USO TURÍSTICO;18/08/2022
17;31006525;Conceder;Distrito de Usera;CALLE ALERCE 29;BAJA;1;350/2022/03032;VIVIENDAS DE USO TURÍSTICO;27/06/2022
18;11117240;Conceder;Distrito de Hortaleza;CALLE TRIBALDOS 60;BAJA;1;350/2022/03200;VIVIENDAS DE USO TURÍSTICO;18/08/2022
19;31015438;Conceder;Distrito de Latina;PASEO JESUITAS 43;PRIMERA;1;350/2022/03296;VIVIENDAS DE USO TURÍSTICO;18/07/2022
20;11024046;Conceder;Distrito de Chamartín;CALLE FERNANDEZ DE OVIEDO 5;SEMISOTANO;1;350/2022/03545;VIVIENDAS DE USO TURÍSTICO;12/05/2023
21;11001826;Conceder;Distrito de Centro;CALLE FRAY CEFERINO GONZALEZ 16;BAJA;2;350/2022/03674;VIVIENDAS DE USO TURÍSTICO;27/10/2023
22;11007336;Conceder;Distrito de Centro;CALLE ABADA 4;BAJA;1;350/2022/03689;VIVIENDAS DE USO TURÍSTICO;07/10/2022
23;11007336;Conceder;Distrito de Centro;CALLE ABADA 4;BAJA;1;350/2022/03690;VIVIENDAS DE USO TURÍSTICO;10/11/2022
24;11005433;Conceder;Distrito de Centro;CALLE DIVINO PASTOR 30;BAJA;1;350/2022/03760;VIVIENDAS DE USO TURÍSTICO;18/07/2023
25;11038238;Conceder;Distrito de Tetuan;PASEO DIRECCION 8;BAJA;3;350/2022/03902;VIVIENDAS DE USO TURÍSTICO;28/09/2022
26;11003364;Conceder;Distrito de Centro;CALLE  GOBERNADOR  25;BAJA;1;350/2022/03929;VIVIENDAS DE USO TURÍSTICO;28/10/2022
27;11001591;Conceder;Distrito de Centro;CALLE RELATORES 8;BAJA;1;350/2022/03934;VIVIENDAS DE USO TURÍSTICO;28/10/2022
28;11029844;Conceder;Distrito de Tetuan;CALLE TERUEL 15;BAJA;1;350/2022/04654;VIVIENDAS DE USO TURÍSTICO;08/06/2023
29;11008264;Conceder;Distrito de Arganzuela;PASEO PONTONES 15;BAJA;1;350/2022/06390;VIVIENDAS DE USO TURÍSTICO;20/12/2022
30;11077950;Conceder;Distrito de Carabanchel;CALLE JOAQUIN TURINA 41;BAJA;1;350/2022/06757;VIVIENDAS DE USO TURÍSTICO;07/11/2022
31;11010335;Conceder;Distrito de Arganzuela;CALLE MURCIA 24;BAJA;1;350/2022/07652;VIVIENDAS DE USO TURÍSTICO;11/04/2023
32;11010775;Conceder;Distrito de Retiro;CALLE NARCISO SERRA 9;BAJA;1;350/2022/08143;VIVIENDAS DE USO TURÍSTICO;03/05/2023
33;11018912;Conceder;Distrito de Salamanca;CALLE GENERAL ORAA 67;BAJA 4 UD - ENTREPLANTA 2 UD - PRIMERA 4 UD;10;350/2022/08506;VIVIENDAS DE USO TURÍSTICO;02/12/2022
34;31023975;Conceder;Distrito de Centro;CALLE SANTA AGUEDA 1;BAJA;2;350/2022/08849;VIVIENDAS DE USO TURÍSTICO;11/11/2022
35;11039829;Conceder;Distrito de Chamberí;CALLE RUIZ 28;BAJA;1;350/2022/09286;VIVIENDAS DE USO TURÍSTICO;10/11/2022
36;11001320;Conceder;Distrito de Centro;CALLE ARGANZUELA 15;BAJA;1;350/2022/09462;;10/11/2022
37;11028703;Conceder;Distrito de Tetuan;CALLE FERNANDO OSSORIO 9;PRIMERA;1;350/2022/10135;VIVIENDAS DE USO TURÍSTICO;11/11/2022
38;11006005;Conceder;Distrito de Centro;CALLE SAN VICENTE FERRER 47;BAJA;1;350/2022/10218;VIVIENDAS DE USO TURÍSTICO;17/02/2023
39;11017123;Conceder;Distrito de Salamanca;CALLE FRANCISCO NAVACERRADA 26;BAJA;1;350/2022/10394;VIVIENDAS DE USO TURÍSTICO;18/11/2022
40;11086829;Conceder;Distrito de Usera;CALLE FELIPE CASTRO 5;BAJA;2;350/2022/10446;VIVIENDAS DE USO TURÍSTICO;10/01/2023
41;11101762;Conceder;Distrito de Moratalaz;CALLE ENTRE ARROYOS 29;BAJA;1;350/2022/10485;VIVIENDAS DE USO TURÍSTICO;10/01/2023
42;11140684;Conceder;Distrito de Barajas;CALLE ZODIACO 3;BAJA;1;350/2022/10496;VIVIENDAS DE USO TURÍSTICO;22/02/2023
43;11004833;Conceder;Distrito de Centro;CALLE SAN GREGORIO 7;BAJA;1;350/2022/11314;VIVIENDAS DE USO TURÍSTICO;28/11/2022
44;11022779;Conceder;Distrito de Chamartín;CALLE CLARA DEL REY 33;BAJA;3;350/2022/11653;VIVIENDAS DE USO TURÍSTICO;28/11/2022
45;11115381;Conceder;Distrito de Hortaleza;CALLE PUERTO REAL 2;BAJA;1;350/2022/12373;VIVIENDAS DE USO TURÍSTICO;09/05/2023
46;11084041;Conceder;Distrito de Usera;CALLE ANTONIO LOPEZ 140;BAJA;1;350/2022/12967;VIVIENDAS DE USO TURÍSTICO;13/12/2022
47;11071782;Conceder;Distrito de Carabanchel;CALLE CARLOS DABAN 22;BAJA;1;350/2022/13493;VIVIENDAS DE USO TURÍSTICO;02/06/2023
48;11000578;Conceder;Distrito de Centro;PLAZA CRUZ VERDE 1;2 BAJA Y SOTANO;2;350/2022/14094;VIVIENDAS DE USO TURÍSTICO;24/02/2023
49;11052082;Conceder;Distrito de Moncloa-Aravaca;AVENIDA VALLADOLID 35;BAJA;1;350/2022/14663;VIVIENDAS DE USO TURÍSTICO;29/12/2022
50;11013068;Conceder;Distrito de Retiro;CALLE ANDRES TORREJON 24;BAJA;1;350/2022/14764;VIVIENDAS DE USO TURÍSTICO;23/05/2023
51;11008023;Conceder;Distrito de Arganzuela;PASEO VIRGEN DEL PUERTO 11;BAJA;1;350/2022/14892;VIVIENDAS DE USO TURÍSTICO;10/01/2023
52;11004528;Conceder;Distrito de Centro;CALLE SAN BARTOLOME 19;BAJA;1;350/2022/15298;;03/05/2023
53;20044114;Conceder;Distrito de Barajas;CALLE ALGEMESI 31;BAJA;1;350/2022/15739;VIVIENDAS DE USO TURÍSTICO;02/06/2023
54;31069902;Conceder;Distrito de Hortaleza;CALLE TUNAIMA 24;BAJA;1;350/2022/16068;VIVIENDAS DE USO TURÍSTICO;21/06/2023
55;11022370;Conceder;Distrito de Chamartín;CALLE CANILLAS 96;BAJA;1;350/2022/16074;VIVIENDAS DE USO TURÍSTICO;10/01/2023
56;11071537;Conceder;Distrito de Carabanchel;PASEO SAN ILLAN 59;PRIMERA;1;350/2022/16252;VIVIENDAS DE USO TURÍSTICO;12/09/2023
57;11008023;Conceder;Distrito de Arganzuela;PASEO VIRGEN DEL PUERTO 11;BAJA;1;350/2022/16293;VIVIENDAS DE USO TURÍSTICO;10/01/2023
58;11032333;Conceder;Distrito de Tetuan;CALLE MATILDE LANDA 28;BAJA;1;350/2022/16603;VIVIENDAS DE USO TURÍSTICO;27/01/2023
59;11001391;Conceder;Distrito de Centro;CALLE MIRA EL RIO ALTA 5;BAJA;1;350/2022/16865;;10/01/2023
60;20050360;Conceder;Distrito de Latina;CALLE SANGUIÑO 2;BAJA;3;350/2022/16994;VIVIENDAS DE USO TURÍSTICO;16/03/2023
61;11008022;Conceder;Distrito de Arganzuela;PASEO VIRGEN DEL PUERTO 9;BAJA;1;350/2022/17065;VIVIENDAS DE USO TURÍSTICO;10/01/2023
62;11008022;Conceder;Distrito de Arganzuela;PASEO VIRGEN DEL PUERTO 9;BAJA;1;350/2022/17066;VIVIENDAS DE USO TURÍSTICO;20/01/2023
63;11000419;Conceder;Distrito de Centro;CALLE ESCALINATA 4;BAJA;1;350/2022/17110;VIVIENDAS DE USO TURÍSTICO;16/11/2023
64;11008022;Conceder;Distrito de Arganzuela;PASEO VIRGEN DEL PUERTO 9;BAJA;1;350/2022/17186;VIVIENDAS DE USO TURÍSTICO;20/01/2023
65;11008022;Conceder;Distrito de Arganzuela;PASEO VIRGEN DEL PUERTO 9;BAJA;1;350/2022/17195;VIVIENDAS DE USO TURÍSTICO;10/01/2023
66;11073896;Conceder;Distrito de Carabanchel;CALLE VIA CARPETANA 137;PRIMERA;1;350/2022/17460;VIVIENDAS DE USO TURÍSTICO;13/09/2023
67;11024223;Conceder;Distrito de Chamartín;CALLE PRADILLO 7;BAJA;1;350/2022/17466;VIVIENDAS DE USO TURÍSTICO;26/12/2023
68;11006912;Conceder;Distrito de Centro;CALLE LUNA 26;BAJA;1;350/2022/17473;VIVIENDAS DE USO TURÍSTICO;27/01/2023
69;11132786;Conceder;Distrito de Vicálvaro;CALLE VILLACARLOS 10;BAJA;1;350/2022/17531;VIVIENDAS DE USO TURÍSTICO;31/03/2023
70;11129070;Conceder;Distrito de Villaverde;CALLE LA CANCION DEL OLVIDO 54;BAJA;1;350/2022/17545;VIVIENDAS DE USO TURÍSTICO;27/01/2023
71;11002069;Conceder;Distrito de Centro;CALLE CARAVACA 13;BAJA;1;350/2023/00008;VIVIENDAS DE USO TURÍSTICO;20/02/2024
72;11104185;Conceder;Distrito de Ciudad Lineal;CALLE RAMON PATUEL 35;BAJA;1;350/2023/00097;VIVIENDAS DE USO TURÍSTICO;22/02/2023
73;31017532;Conceder;Distrito de Usera;CALLE ANTONIO LOPEZ 217 I;BAJA;1;350/2023/00130;VIVIENDAS DE USO TURÍSTICO;17/02/2023
74;11040186;Conceder;Distrito de Chamberí;CALLE CARDENAL CISNEROS 78;BAJA;1;350/2023/00515;VIVIENDAS DE USO TURÍSTICO;22/02/2023
75;31046157;Conceder;Distrito de Carabanchel;AVENIDA OPORTO 34;BAJA;3;350/2023/00550;VIVIENDAS DE USO TURÍSTICO;02/06/2023
76;11000787;Conceder;Distrito de Centro;CALLE MEDIODIA GRANDE 11;BAJA;1;350/2023/00744;VIVIENDAS DE USO TURÍSTICO;04/02/2024
77;11027586;Conceder;Distrito de Tetuan;CALLE ALMANSA 43;BAJA;1;350/2023/01061;VIVIENDAS DE USO TURÍSTICO;24/02/2023
78;11032752;Conceder;Distrito de Tetuan;CALLE MARTIRES DE LA VENTILLA 77;BAJA;2;350/2023/01312;VIVIENDAS DE USO TURÍSTICO;08/06/2023
79;11029061;Conceder;Distrito de Tetuan;CALLE BRAVO MURILLO 109;PRIMERA;1;350/2023/01566;VIVIENDAS DE USO TURÍSTICO;25/09/2023
80;20012608;Conceder;Distrito de Tetuan;CALLE CUEVAS 1;PRIMERA;1;350/2023/01600;VIVIENDAS DE USO TURÍSTICO;16/03/2023
81;11000593;Conceder;Distrito de Centro;CALLE PUÑONROSTRO 4;BAJA;1;350/2023/01623;VIVIENDAS DE USO TURÍSTICO;20/10/2023
82;11010118;Conceder;Distrito de Arganzuela;CALLE PALOS DE LA FRONTERA 16;BAJA;3;350/2023/01847;VIVIENDAS DE USO TURÍSTICO;10/02/2023
83;11100295;Conceder;Distrito de Puente de Vallecas;CALLE FERNANDO GIRALDEZ 43;BAJA;1;350/2023/02077;VIVIENDAS DE USO TURÍSTICO;02/06/2023
84;11006622;Conceder;Distrito de Centro;CALLE BERNARDO LOPEZ GARCIA 1;BAJA;1;350/2023/02088;VIVIENDAS DE USO TURÍSTICO;21/07/2023
85;11001857;Conceder;Distrito de Centro;CALLE CARNERO 4;BAJA;1;350/2023/02384;VIVIENDAS DE USO TURÍSTICO;10/02/2023
86;11016881;Conceder;Distrito de Salamanca;CALLE MAESTRO ALONSO 10;BAJA;1;350/2023/03865;VIVIENDAS DE USO TURÍSTICO;09/03/2023
87;11005958;Conceder;Distrito de Centro;CALLE MINAS 5;BAJA;1;350/2023/04189;VIVIENDAS DE USO TURÍSTICO;10/03/2023
88;11040400;Conceder;Distrito de Chamberí;CALLE SANTISIMA TRINIDAD 4;BAJA;1;350/2023/04241;VIVIENDAS DE USO TURÍSTICO;27/03/2023
89;11005958;Conceder;Distrito de Centro;CALLE MINAS 5;BAJA;1;350/2023/04286;VIVIENDAS DE USO TURÍSTICO;16/03/2023
90;11048294;Conceder;Distrito de Fuencarral-El Pardo;CALLE MATARO 28;BAJA;1;350/2023/04303;VIVIENDAS DE USO TURÍSTICO;11/04/2023
91;11040400;Conceder;Distrito de Chamberí;CALLE SANTISIMA TRINIDAD 4;BAJA;1;350/2023/04322;VIVIENDAS DE USO TURÍSTICO;11/04/2023
92;11008876;Conceder;Distrito de Arganzuela;CALLE PARROCO JULIO MORATE 1;BAJA;2;350/2023/04635;VIVIENDAS DE USO TURÍSTICO;21/03/2023
93;11020108;Conceder;Distrito de Salamanca;CALLE GENERAL ORAA 20;BAJA;1;350/2023/04678;VIVIENDAS DE USO TURÍSTICO;11/04/2023
94;11019461;Conceder;Distrito de Salamanca;CALLE GENERAL PARDIÑAS 69;BAJA;1;350/2023/04812;VIVIENDAS DE USO TURÍSTICO;14/03/2023
95;11025608;Conceder;Distrito de Chamartín;CALLE DOCTOR FLEMING 12;BAJA;1;350/2023/05225;VIVIENDAS DE USO TURÍSTICO;11/04/2023
96;11048275;Conceder;Distrito de Fuencarral-El Pardo;CALLE MANRESA 90;BAJA;1;350/2023/05314;VIVIENDAS DE USO TURÍSTICO;15/09/2023
97;11051489;Conceder;Distrito de Moncloa-Aravaca;PASEO FLORIDA 57;PRIMERA;1;350/2023/05315;VIVIENDAS DE USO TURÍSTICO;20/10/2023
98;11000787;Conceder;Distrito de Centro;CALLE MEDIODIA GRANDE 11;BAJA;1;350/2023/05316;VIVIENDAS DE USO TURÍSTICO;12/09/2023
99;11028851;Conceder;Distrito de Tetuan;CALLE SAN RAIMUNDO 18;BAJA;1;350/2023/05318;VIVIENDAS DE USO TURÍSTICO;27/06/2024
100;11022877;Conceder;Distrito de Chamartín;CALLE SANCHEZ BALDERAS 10;BAJA;1;350/2023/05337;;28/11/2023
101;11022877;Conceder;Distrito de Chamartín;CALLE SANCHEZ BALDERAS 10;BAJA;1;350/2023/05352;VIVIENDAS DE USO TURÍSTICO;13/09/2023
102;11020277;Conceder;Distrito de Chamartín;CALLE PRINCIPE DE VERGARA 103;BAJA;1;350/2023/05354;VIVIENDAS DE USO TURÍSTICO;16/03/2023
103;11032093;Conceder;Distrito de Tetuan;CALLE MAGNOLIAS 89;PRIMERA;1;350/2023/05360;VIVIENDAS DE USO TURÍSTICO;26/06/2023
104;11047039;Conceder;Distrito de Fuencarral-El Pardo;CALLE ISIDRO FERNANDEZ 3;BAJA;1;350/2023/05374;VIVIENDAS DE USO TURÍSTICO;24/11/2023
105;11072120;Conceder;Distrito de Carabanchel;CALLE IBAÑEZ MARIN 9;PRIMERA;1;350/2023/05386;VIVIENDAS DE USO TURÍSTICO;13/09/2023
106;11069257;Conceder;Distrito de Carabanchel;CALLE VICENTE MARTIN ARIAS 16;BAJA;1;350/2023/05442;VIVIENDAS DE USO TURÍSTICO;16/03/2023
107;11070167;Conceder;Distrito de Carabanchel;CALLE BENITO PRIETO 12;PRIMERA;1;350/2023/05495;VIVIENDAS DE USO TURÍSTICO;07/08/2023
108;11070167;Conceder;Distrito de Carabanchel;CALLE BENITO PRIETO 12;PRIMERA;1;350/2023/05497;VIVIENDAS DE USO TURÍSTICO;17/11/2023
109;11101715;Conceder;Distrito de Moratalaz;CALLE CORREGIDOR SEÑOR DE LA ELIPA 9;BAJA;1;350/2023/05498;VIVIENDAS DE USO TURÍSTICO;08/09/2023
110;11040449;Conceder;Distrito de Chamberí;CALLE GENERAL ALVAREZ DE CASTRO 4;BAJA;1;350/2023/05609;VIVIENDAS DE USO TURÍSTICO;11/04/2023
111;11080794;Conceder;Distrito de Usera;PLAZA SOLIDARIDAD 1;BAJA;4;350/2023/05749;;27/03/2023
112;11100443;Conceder;Distrito de Puente de Vallecas;CALLE SIERRA DE MEIRA 57;BAJA;1;350/2023/06046;VIVIENDAS DE USO TURÍSTICO;08/06/2023
113;20110660;Conceder;Distrito de Tetuan;CALLE DON QUIJOTE 7;BAJA;1;350/2023/06048;VIVIENDAS DE USO TURÍSTICO;13/06/2023
114;31011854;Conceder;Distrito de Usera;CALLE ANTONIO LOPEZ 246 A;BAJA;2;350/2023/06343;VIVIENDAS DE USO TURÍSTICO;27/03/2023
115;11016526;Conceder;Distrito de Salamanca;CALLE HERMOSILLA 169;BAJA;3;350/2023/06380;VIVIENDAS DE USO TURÍSTICO;14/04/2023
116;11008023;Conceder;Distrito de Arganzuela;PASEO VIRGEN DEL PUERTO 11;BAJA;1;350/2023/06627;VIVIENDAS DE USO TURÍSTICO;14/04/2023
117;11001021;Conceder;Distrito de Centro;CALLE TORO 3;BAJA;1;350/2023/06639;VIVIENDAS DE USO TURÍSTICO;02/10/2023
118;11033553;Conceder;Distrito de Tetuan;CALLE PLATANO 34;BAJA;1;350/2023/06751;VIVIENDAS DE USO TURÍSTICO;27/03/2023
119;11104889;Conceder;Distrito de Ciudad Lineal;CALLE VEREDA DEL CARMEN 4;BAJA;1;350/2023/06757;VIVIENDAS DE USO TURÍSTICO;27/03/2023
120;11037253;Conceder;Distrito de Tetuan;CALLE ISLA DE GOMERA 5;BAJA;3;350/2023/06779;VIVIENDAS DE USO TURÍSTICO;18/05/2023
121;11008022;Conceder;Distrito de Arganzuela;PASEO VIRGEN DEL PUERTO 9;BAJA;1;350/2023/06806;VIVIENDAS DE USO TURÍSTICO;14/04/2023
122;11036251;Conceder;Distrito de Tetuan;CALLE CUEVAS 34;BAJA;1;350/2023/06827;VIVIENDAS DE USO TURÍSTICO;14/04/2023
123;11052306;Conceder;Distrito de Moncloa-Aravaca;CALLE VENTURA RODRIGUEZ 15;BAJA;1;350/2023/06828;VIVIENDAS DE USO TURÍSTICO;14/04/2023
124;11008022;Conceder;Distrito de Arganzuela;PASEO VIRGEN DEL PUERTO 9;BAJA;1;350/2023/06830;VIVIENDAS DE USO TURÍSTICO;14/04/2023
125;11075424;Conceder;Distrito de Carabanchel;CALLE HERMANAS ALONSO BARCELO 6;BAJA;1;350/2023/06886;VIVIENDAS DE USO TURÍSTICO;16/03/2023
126;11027537;Conceder;Distrito de Chamartín;CALLE INFANTA MARIA TERESA 7;BAJA;5;350/2023/07017;VIVIENDAS DE USO TURÍSTICO;20/04/2023
127;11008022;Conceder;Distrito de Arganzuela;PASEO VIRGEN DEL PUERTO 9;BAJA;1;350/2023/07126;VIVIENDAS DE USO TURÍSTICO;17/04/2023
128;11008023;Conceder;Distrito de Arganzuela;PASEO VIRGEN DEL PUERTO 11;BAJA;1;350/2023/07134;VIVIENDAS DE USO TURÍSTICO;17/04/2023
129;11008022;Conceder;Distrito de Arganzuela;PASEO VIRGEN DEL PUERTO 9;BAJA;1;350/2023/07142;VIVIENDAS DE USO TURÍSTICO;20/04/2023
130;11010065;Conceder;Distrito de Arganzuela;CALLE BATALLA DEL SALADO 21;BAJA;1;350/2023/07606;VIVIENDAS DE USO TURÍSTICO;17/04/2023
131;11025174;Conceder;Distrito de Chamartín;CALLE VICTOR DE LA SERNA 31;BAJA;3;350/2023/07736;VIVIENDAS DE USO TURÍSTICO;17/04/2023
132;20026368;Conceder;Distrito de Usera;CALLE ANTONIO PRIETO 26;BAJA;1;350/2023/07743;VIVIENDAS DE USO TURÍSTICO;02/06/2023
133;11137276;Conceder;Distrito de San Blas - Canillejas;CALLE LUCANO 75;BAJA;1;350/2023/07748;VIVIENDAS DE USO TURÍSTICO;12/09/2023
134;11137276;Conceder;Distrito de San Blas - Canillejas;CALLE LUCANO 75;BAJA;1;350/2023/07751;VIVIENDAS DE USO TURÍSTICO;13/09/2023
135;11008541;Conceder;Distrito de Arganzuela;CALLE EMBAJADORES 84;BAJA;1;350/2023/07953;VIVIENDAS DE USO TURÍSTICO;20/04/2023
136;11002452;Conceder;Distrito de Centro;CALLE JESUS Y MARIA 22;BAJA;1;350/2023/08026;VIVIENDAS DE USO TURÍSTICO;15/09/2023
137;11000939;Conceder;Distrito de Centro;CALLE BAILEN 37;BAJA;1;350/2023/08586;VIVIENDAS DE USO TURÍSTICO;20/04/2023
138;31009695;Conceder;Distrito de Tetuan;CALLE CASTILLO PIÑEIRO 5;BAJA;1;350/2023/08832;VIVIENDAS DE USO TURÍSTICO;20/04/2023
139;11104443;Conceder;Distrito de Ciudad Lineal;CALLE RICARDO ORTIZ 26;BAJA;1;350/2023/08911;VIVIENDAS DE USO TURÍSTICO;21/04/2023
140;11009102;Conceder;Distrito de Arganzuela;CALLE JOSE MIGUEL GORDOA 7;BAJA;3;350/2023/09390;VIVIENDAS DE USO TURÍSTICO;28/04/2023
141;20169102;Conceder;Distrito de Ciudad Lineal;CALLE FERNANDO GABRIEL 18;BAJA;1;350/2023/09517;VIVIENDAS DE USO TURÍSTICO;28/11/2023
142;11069152;Conceder;Distrito de Carabanchel;CALLE PADRE OLTRA 39;BAJA;1;350/2023/09596;VIVIENDAS DE USO TURÍSTICO;12/05/2023
143;11069152;Conceder;Distrito de Carabanchel;CALLE PADRE OLTRA 39;BAJA;1;350/2023/09597;VIVIENDAS DE USO TURÍSTICO;08/05/2023
144;11010105;Conceder;Distrito de Arganzuela;CALLE CARDENAL SOLIS 10;BAJA;5;350/2023/10190;VIVIENDAS DE USO TURÍSTICO;21/04/2023
145;11060598;Conceder;Distrito de Latina;CALLE CARDENAL MENDOZA 48;BAJA;1;350/2023/10230;VIVIENDAS DE USO TURÍSTICO;12/09/2023
146;11060829;Conceder;Distrito de Latina;PASEO EXTREMADURA 34;PRIMERA;1;350/2023/10250;VIVIENDAS DE USO TURÍSTICO;27/10/2023
147;11060547;Conceder;Distrito de Latina;CALLE DOÑA URRACA 45;PRIMERA;1;350/2023/10335;VIVIENDAS DE USO TURÍSTICO;24/11/2023
148;11091611;Conceder;Distrito de Puente de Vallecas;CALLE PICO CEBOLLERA 4;BAJA;1;350/2023/10398;VIVIENDAS DE USO TURÍSTICO;13/06/2023
149;11110861;Conceder;Distrito de Ciudad Lineal;CALLE VERDAGUER Y GARCIA 51;BAJA;1;350/2023/10464;VIVIENDAS DE USO TURÍSTICO;08/06/2023
150;11047140;Conceder;Distrito de Fuencarral-El Pardo;CALLE SAN MODESTO 16;BAJA;1;350/2023/10803;VIVIENDAS DE USO TURÍSTICO;12/06/2023
151;11016356;Conceder;Distrito de Salamanca;CALLE ANTONIO TOLEDANO 17;BAJA;1;350/2023/11180;VIVIENDAS DE USO TURÍSTICO;02/06/2023
152;11030172;Conceder;Distrito de Tetuan;CALLE BRAVO MURILLO 194;BAJA;1;350/2023/11202;VIVIENDAS DE USO TURÍSTICO;08/06/2023
153;11030582;Conceder;Distrito de Tetuan;CALLE HUESCA 26;BAJA;1;350/2023/11433;VIVIENDAS DE USO TURÍSTICO;08/05/2023
154;11036718;Conceder;Distrito de Tetuan;TRAVESÍA MARIA JUANA 14;PRIMERA;1;350/2023/12062;VIVIENDAS DE USO TURÍSTICO;13/09/2023
155;11002761;Conceder;Distrito de Centro;CALLE OLIVAR 29;BAJA;1;350/2023/12133;VIVIENDAS DE USO TURÍSTICO;31/05/2023
156;11077627;Conceder;Distrito de Carabanchel;CALLE CONSUELO GUZMAN 15;BAJA;1;350/2023/12794;VIVIENDAS DE USO TURÍSTICO;08/06/2023
157;11101040;Conceder;Distrito de Puente de Vallecas;AVENIDA ALBUFERA 65;PRIMERA;1;350/2023/12887;;26/05/2023
158;31008282;Conceder;Distrito de Hortaleza;CALLE MONTALBOS 39;BAJA Y PRIMERA;1;350/2023/12894;VIVIENDAS DE USO TURÍSTICO;21/06/2023
159;11002018;Conceder;Distrito de Centro;CALLE RODAS 6;BAJA;1;350/2023/13157;VIVIENDAS DE USO TURÍSTICO;28/11/2023
160;11101382;Conceder;Distrito de Moratalaz;CALLE JOSE BERGAMIN 10;BAJA;1;350/2023/13168;VIVIENDAS DE USO TURÍSTICO;13/06/2023
161;11116328;Conceder;Distrito de Hortaleza;CALLE GOMEZNARRO 215;BAJA Y PRIMERA;1;350/2023/13350;VIVIENDAS DE USO TURÍSTICO;12/09/2023
162;11006955;Conceder;Distrito de Centro;CALLE PIZARRO 20;BAJA;1;350/2023/13556;VIVIENDAS DE USO TURÍSTICO;08/06/2023
163;11052214;Conceder;Distrito de Moncloa-Aravaca;CALLE ARRIAZA 8;BAJA;1;350/2023/13711;VIVIENDAS DE USO TURÍSTICO;22/09/2023
164;11052306;Conceder;Distrito de Moncloa-Aravaca;CALLE VENTURA RODRIGUEZ 15;BAJA;1;350/2023/13758;VIVIENDAS DE USO TURÍSTICO;31/05/2023
165;20008314;Conceder;Distrito de Arganzuela;CALLE DELICIAS 28;BAJA;2;350/2023/13824;VIVIENDAS DE USO TURÍSTICO;26/05/2023
166;11038165;Conceder;Distrito de Tetuan;CALLE AMBROSIO VALLEJO 7;BAJA;1;350/2023/14184;VIVIENDAS DE USO TURÍSTICO;15/09/2023
167;11011169;Conceder;Distrito de Retiro;CALLE VALDERRIBAS 40;BAJA Y PRIMERA;1;350/2023/14714;VIVIENDAS DE USO TURÍSTICO;08/06/2023
168;11011169;Conceder;Distrito de Retiro;CALLE VALDERRIBAS 40;BAJA Y PRIMERA;1;350/2023/14716;VIVIENDAS DE USO TURÍSTICO;08/06/2023
169;11021892;Conceder;Distrito de Chamartín;CALLE CANILLAS 6;BAJA;1;350/2023/14736;VIVIENDAS DE USO TURÍSTICO;08/06/2023
170;11000422;Conceder;Distrito de Centro;CALLE UNION 4;BAJA;1;350/2023/14972;VIVIENDAS DE USO TURÍSTICO;08/06/2023
171;11002726;Conceder;Distrito de Centro;CALLE SAN CARLOS 17;BAJA Y SOTANO;1;350/2023/15031;VIVIENDAS DE USO TURÍSTICO;25/01/2024
172;11047222;Conceder;Distrito de Fuencarral-El Pardo;CALLE VIRGEN DE ARANZAZU 23;BAJA;1;350/2023/15182;VIVIENDAS DE USO TURÍSTICO;19/02/2024
173;11047065;Conceder;Distrito de Fuencarral-El Pardo;CALLE ANGEL MUGICA 12;BAJA;1;350/2023/15193;VIVIENDAS DE USO TURÍSTICO;19/12/2023
174;11002330;Conceder;Distrito de Centro;CALLE MESON DE PAREDES 83;BAJA;1;350/2023/15195;VIVIENDAS DE USO TURÍSTICO;12/06/2023
175;11105656;Conceder;Distrito de Ciudad Lineal;CALLE LOS URQUIZA 17;BAJA;2;350/2023/15201;VIVIENDAS DE USO TURÍSTICO;13/06/2023
176;11005576;Conceder;Distrito de Centro;CALLE MADERA 46;BAJA;1;350/2023/15210;VIVIENDAS DE USO TURÍSTICO;29/06/2023
177;11011415;Conceder;Distrito de Retiro;CALLE LOS MESEJO 14;BAJA;1;350/2023/15335;VIVIENDAS DE USO TURÍSTICO;05/07/2023
178;11101772;Conceder;Distrito de Moratalaz;CALLE ARROYO DE LAS PILILLAS 5;BAJA;1;350/2023/15399;VIVIENDAS DE USO TURÍSTICO;06/06/2024
179;11008373;Conceder;Distrito de Arganzuela;CALLE NAVES 21;BAJA;1;350/2023/15556;VIVIENDAS DE USO TURÍSTICO;08/06/2023
180;11008373;Conceder;Distrito de Arganzuela;CALLE NAVES 21;BAJA;1;350/2023/15561;VIVIENDAS DE USO TURÍSTICO;08/06/2023
181;11106765;Conceder;Distrito de Ciudad Lineal;CALLE SAN FIDEL 1;BAJA;1;350/2023/15565;VIVIENDAS DE USO TURÍSTICO;22/04/2024
182;11109709;Conceder;Distrito de Ciudad Lineal;CALLE VIRGEN DE LOURDES 8;BAJA;1;350/2023/15630;VIVIENDAS DE USO TURÍSTICO;13/06/2023
183;11004984;Conceder;Distrito de Centro;CALLE SAN MATEO 18;BAJA;1;350/2023/15914;VIVIENDAS DE USO TURÍSTICO;04/07/2023
184;11105994;Conceder;Distrito de Ciudad Lineal;CALLE CAROLINA CORONADO 22;BAJA;2;350/2023/16047;;25/07/2023
185;11008388;Conceder;Distrito de Arganzuela;PASEO YESERIAS 49 A;BAJA;1;350/2023/16299;VIVIENDAS DE USO TURÍSTICO;26/06/2023
186;11008388;Conceder;Distrito de Arganzuela;PASEO YESERIAS 49 A;BAJA;1;350/2023/16316;;21/07/2023
187;11008388;Conceder;Distrito de Arganzuela;PASEO YESERIAS 49 A;BAJA;1;350/2023/16318;VIVIENDAS DE USO TURÍSTICO;20/10/2023
188;11008388;Conceder;Distrito de Arganzuela;PASEO YESERIAS 49 A;BAJA;1;350/2023/16325;;25/07/2023
189;11046710;Conceder;Distrito de Fuencarral-El Pardo;PLAZA TUY 12;BAJA;1;350/2023/16354;VIVIENDAS DE USO TURÍSTICO;02/10/2023
190;11005697;Conceder;Distrito de Centro;CALLE BARCO 27;BAJA;1;350/2023/16365;VIVIENDAS DE USO TURÍSTICO;20/06/2023
191;20004858;Conceder;Distrito de Centro;CALLE SALITRE 23;BAJA;1;350/2023/16415;VIVIENDAS DE USO TURÍSTICO;20/06/2023
192;11009933;Conceder;Distrito de Arganzuela;CALLE RAFAEL DE RIEGO 52;BAJA;1;350/2023/16707;VIVIENDAS DE USO TURÍSTICO;18/07/2023
193;11002024;Conceder;Distrito de Centro;CALLE RODAS 18;BAJA;1;350/2023/16746;VIVIENDAS DE USO TURÍSTICO;28/11/2023
194;11045531;Conceder;Distrito de Fuencarral-El Pardo;CALLE PICO BALAITUS 14;BAJA;2;350/2023/17006;VIVIENDAS DE USO TURÍSTICO;04/07/2023
195;11075557;Conceder;Distrito de Carabanchel;CALLE ALDAPA 4;BAJA;2;350/2023/17147;VIVIENDAS DE USO TURÍSTICO;18/01/2024
196;11034133;Conceder;Distrito de Tetuan;CALLE GARCI-NUÑO 37;BAJA;2;350/2023/17598;;29/06/2023
197;11022440;Conceder;Distrito de Chamartín;CALLE ALUSTANTE 11;BAJA;1;350/2023/17614;VIVIENDAS DE USO TURÍSTICO;13/07/2023
198;11021892;Conceder;Distrito de Chamartín;CALLE CANILLAS 6;BAJA;2;350/2023/17618;VIVIENDAS DE USO TURÍSTICO;31/07/2023
199;11001049;Conceder;Distrito de Centro;CALLE DON PEDRO 17;BAJA;1;350/2023/17795;;16/11/2023
200;11008380;Conceder;Distrito de Arganzuela;PASEO YESERIAS 55;BAJA;2;350/2023/17871;VIVIENDAS DE USO TURÍSTICO;22/12/2023
201;11037410;Conceder;Distrito de Tetuan;PASEO DIRECCION 46;BAJA;2;350/2023/17987;VIVIENDAS DE USO TURÍSTICO;25/07/2023
202;11005453;Conceder;Distrito de Centro;CALLE GALERIA DE ROBLES 5;BAJA;1;350/2023/18011;VIVIENDAS DE USO TURÍSTICO;06/07/2023
203;11107214;Conceder;Distrito de Ciudad Lineal;CALLE BETANCUNIA 8;BAJA;1;350/2023/18229;VIVIENDAS DE USO TURÍSTICO;20/10/2023
204;11082835;Conceder;Distrito de Usera;CALLE RAMON LUJAN 99;PRIMERA;1;350/2023/18232;VIVIENDAS DE USO TURÍSTICO;26/12/2023
205;11062865;Conceder;Distrito de Latina;CALLE RAFAEL LOPEZ PANDO 5;BAJA;1;350/2023/18235;;30/04/2024
206;11002953;Conceder;Distrito de Centro;CALLE SALITRE 31;BAJA;1;350/2023/18290;VIVIENDAS DE USO TURÍSTICO;25/07/2023
207;11072999;Conceder;Distrito de Carabanchel;CALLE URGEL 44;PRIMERA;1;350/2023/18341;;25/01/2024
208;11052812;Conceder;Distrito de Moncloa-Aravaca;CALLE FERRAZ 57;BAJA;1;350/2023/18371;VIVIENDAS DE USO TURÍSTICO;22/04/2024
209;11002715;Conceder;Distrito de Centro;CALLE OLMO 10;BAJA;1;350/2023/18758;VIVIENDAS DE USO TURÍSTICO;09/08/2024
210;11038334;Conceder;Distrito de Tetuan;CALLE OFELIA NIETO 12;BAJA;2;350/2023/18932;VIVIENDAS DE USO TURÍSTICO;15/01/2024
211;11008486;Conceder;Distrito de Arganzuela;CALLE PEÑUELAS 4;BAJA;1;350/2023/18938;;11/10/2023
212;11084854;Conceder;Distrito de Usera;CALLE MARIANO VELA 2;PRIMERA;1;350/2023/18999;;28/11/2023
213;11006086;Conceder;Distrito de Centro;CALLE SAN VICENTE FERRER 8;BAJA;1;350/2023/19216;VIVIENDAS DE USO TURÍSTICO;02/10/2023
214;11100455;Conceder;Distrito de Puente de Vallecas;CAMINO VALDERRIBAS 58;BAJA;1;350/2023/19347;VIVIENDAS DE USO TURÍSTICO;18/07/2023
215;11104584;Conceder;Distrito de Ciudad Lineal;PLAZA BAMI 3;BAJA;1;350/2023/19399;VIVIENDAS DE USO TURÍSTICO;27/05/2024
216;11084311;Conceder;Distrito de Usera;CALLE MIRASIERRA 6;BAJA;1;350/2023/19559;VIVIENDAS DE USO TURÍSTICO;18/07/2023
217;11039983;Conceder;Distrito de Chamberí;CALLE ALBURQUERQUE 7;BAJA;1;350/2023/19607;VIVIENDAS DE USO TURÍSTICO;20/10/2023
218;11095643;Conceder;Distrito de Puente de Vallecas;CALLE ARROYO DEL OLIVAR 120;BAJA;1;350/2023/19641;VIVIENDAS DE USO TURÍSTICO;24/07/2023
219;11060437;Conceder;Distrito de Latina;CALLE ANTILLON 15;BAJA;1;350/2023/19703;VIVIENDAS DE USO TURÍSTICO;05/04/2024
220;11008879;Conceder;Distrito de Arganzuela;CALLE PARROCO JULIO MORATE 7;BAJA Y PRIMERA;1;350/2023/19869;VIVIENDAS DE USO TURÍSTICO;18/07/2023
221;11036421;Conceder;Distrito de Tetuan;CALLE CACTUS 26;PRIMERA;1;350/2023/19898;VIVIENDAS DE USO TURÍSTICO;31/07/2023
222;11084315;Conceder;Distrito de Usera;CALLE MIRASIERRA 14;PRIMERA;1;350/2023/19929;;18/07/2023
223;11084316;Conceder;Distrito de Usera;CALLE MIRASIERRA 16;PRIMERA;1;350/2023/19933;VIVIENDAS DE USO TURÍSTICO;27/07/2023
224;11028910;Conceder;Distrito de Tetuan;CALLE ALVARADO 3;BAJA;1;350/2023/20014;VIVIENDAS DE USO TURÍSTICO;13/07/2023
225;11039223;Conceder;Distrito de Chamberí;CALLE JOAQUIN MARIA LOPEZ 14;BAJA;1;350/2023/20056;VIVIENDAS DE USO TURÍSTICO;30/04/2024
226;11024160;Conceder;Distrito de Chamartín;CALLE BENIGNO SOTO 16;BAJA;1;350/2023/20087;VIVIENDAS DE USO TURÍSTICO;06/10/2023
227;11008879;Conceder;Distrito de Arganzuela;CALLE PARROCO JULIO MORATE 7;BAJA;1;350/2023/20157;VIVIENDAS DE USO TURÍSTICO;18/07/2023
228;11071559;Conceder;Distrito de Carabanchel;AVENIDA MANZANARES 72;BAJA;1;350/2023/20248;;16/11/2023
229;11028898;Conceder;Distrito de Tetuan;CALLE ALVARADO 10;BAJA;1;350/2023/20303;VIVIENDAS DE USO TURÍSTICO;25/07/2023
230;20145929;Conceder;Distrito de Arganzuela;CALLE EMBAJADORES 173 C;BAJA;2;350/2023/20339;VIVIENDAS DE USO TURÍSTICO;18/07/2023
231;11032041;Conceder;Distrito de Tetuan;CALLE MATILDE LANDA 8;BAJA;1;350/2023/20546;VIVIENDAS DE USO TURÍSTICO;27/06/2024
232;11032041;Conceder;Distrito de Tetuan;CALLE MATILDE LANDA 8;BAJA;1;350/2023/20562;VIVIENDAS DE USO TURÍSTICO;27/05/2024
233;11009939;Conceder;Distrito de Arganzuela;CALLE TARRAGONA 36;BAJA;1;350/2023/20576;VIVIENDAS DE USO TURÍSTICO;08/09/2023
234;11032041;Conceder;Distrito de Tetuan;CALLE MATILDE LANDA 8;BAJA;1;350/2023/20578;VIVIENDAS DE USO TURÍSTICO;28/11/2023
235;11032041;Conceder;Distrito de Tetuan;CALLE MATILDE LANDA 8;BAJA;1;350/2023/20582;VIVIENDAS DE USO TURÍSTICO;27/05/2024
236;11005453;Conceder;Distrito de Centro;CALLE GALERIA DE ROBLES 5;BAJA;1;350/2023/21112;VIVIENDAS DE USO TURÍSTICO;25/07/2023
237;11008879;Conceder;Distrito de Arganzuela;CALLE PARROCO JULIO MORATE 7;BAJA;1;350/2023/21190;VIVIENDAS DE USO TURÍSTICO;07/08/2023
238;11025255;Conceder;Distrito de Chamartín;CALLE COCHABAMBA 24;BAJA;1;350/2023/21240;VIVIENDAS DE USO TURÍSTICO;07/08/2023
239;11064074;Conceder;Distrito de Latina;CALLE VILLAMANIN 54;BAJA;1;350/2023/21256;VIVIENDAS DE USO TURÍSTICO;24/07/2023
240;11028832;Conceder;Distrito de Tetuan;CALLE CAROLINAS 6;BAJA;1;350/2023/21341;VIVIENDAS DE USO TURÍSTICO;07/08/2023
241;11106972;Conceder;Distrito de Ciudad Lineal;CALLE EMILIO FERRARI 117;BAJA;4;350/2023/21361;VIVIENDAS DE USO TURÍSTICO;25/08/2023
242;11008879;Conceder;Distrito de Arganzuela;CALLE PARROCO JULIO MORATE 7;BAJA;1;350/2023/21377;VIVIENDAS DE USO TURÍSTICO;29/08/2023
243;11008879;Conceder;Distrito de Arganzuela;CALLE PARROCO JULIO MORATE 7;BAJA;1;350/2023/21402;VIVIENDAS DE USO TURÍSTICO;08/09/2023
244;11001672;Conceder;Distrito de Centro;CALLE CABEZA 6;BAJA;1;350/2023/21479;VIVIENDAS DE USO TURÍSTICO;09/08/2024
245;11016375;Conceder;Distrito de Salamanca;CALLE LOS PEÑASCALES 15;BAJA;1;350/2023/21590;VIVIENDAS DE USO TURÍSTICO;23/08/2023
246;11053478;Conceder;Distrito de Moncloa-Aravaca;AVENIDA DOCTOR FEDERICO RUBIO Y GALI 73;BAJA;1;350/2023/21755;VIVIENDAS DE USO TURÍSTICO;22/08/2023
247;11006708;Conceder;Distrito de Centro;CALLE PONCIANO 7;BAJA;1;350/2023/21821;VIVIENDAS DE USO TURÍSTICO;22/04/2024
248;11009030;Conceder;Distrito de Arganzuela;PASEO DELICIAS 126;BAJA;1;350/2023/21897;VIVIENDAS DE USO TURÍSTICO;13/11/2023
249;11003352;Conceder;Distrito de Centro;CALLE GOBERNADOR 20;BAJA;1;350/2023/21898;VIVIENDAS DE USO TURÍSTICO;13/09/2023
250;11060476;Conceder;Distrito de Latina;CALLE DOÑA URRACA 23;BAJA;1;350/2023/21930;VIVIENDAS DE USO TURÍSTICO;16/11/2023
251;11028940;Conceder;Distrito de Tetuan;CALLE CAROLINAS 25;PRIMERA;1;350/2023/21948;VIVIENDAS DE USO TURÍSTICO;23/08/2023
252;11110828;Conceder;Distrito de Ciudad Lineal;CALLE LUIS CERNUDA 3;BAJA;1;350/2023/22110;VIVIENDAS DE USO TURÍSTICO;23/08/2023
253;11016440;Conceder;Distrito de Salamanca;CALLE HERMOSILLA 126;BAJA;1;350/2023/22123;VIVIENDAS DE USO TURÍSTICO;04/09/2023
254;11132284;Conceder;Distrito de Vicálvaro;CALLE CONDESA VEGA DEL POZO 17;BAJA;1;350/2023/22140;VIVIENDAS DE USO TURÍSTICO;13/09/2023
255;11069322;Conceder;Distrito de Carabanchel;CALLE BALEARES 9;BAJA;1;350/2023/22288;VIVIENDAS DE USO TURÍSTICO;12/09/2023
256;11098492;Conceder;Distrito de Puente de Vallecas;PLAZA MARIANA PINEDA 3;BAJA;1;350/2023/22592;VIVIENDAS DE USO TURÍSTICO;08/09/2023
257;20075676;Conceder;Distrito de Fuencarral-El Pardo;CALLE HONTALBILLA 18;BAJA;1;350/2023/22819;VIVIENDAS DE USO TURÍSTICO;29/08/2023
258;11000801;Conceder;Distrito de Centro;CALLE MEDIODIA CHICA 9;BAJA;1;350/2023/23131;VIVIENDAS DE USO TURÍSTICO;25/01/2024
259;11033672;Conceder;Distrito de Tetuan;CALLE MANCHEGOS 16;PRIMERA;1;350/2023/23160;VIVIENDAS DE USO TURÍSTICO;23/08/2023
260;11002711;Conceder;Distrito de Centro;CALLE OLMO 2;BAJA;1;350/2023/23665;VIVIENDAS DE USO TURÍSTICO;23/08/2023
261;11033682;Conceder;Distrito de Tetuan;CALLE MULLER 67;BAJA;1;350/2023/23693;VIVIENDAS DE USO TURÍSTICO;07/08/2023
262;11031851;Conceder;Distrito de Tetuan;CALLE CEDROS 84;BAJA;1;350/2023/23703;VIVIENDAS DE USO TURÍSTICO;23/08/2023
263;11031851;Conceder;Distrito de Tetuan;CALLE CEDROS 84;BAJA;1;350/2023/23718;VIVIENDAS DE USO TURÍSTICO;23/08/2023
264;11031851;Conceder;Distrito de Tetuan;CALLE CEDROS 84;PRIMERA;1;350/2023/23725;VIVIENDAS DE USO TURÍSTICO;25/08/2023
265;11031851;Conceder;Distrito de Tetuan;CALLE CEDROS 84;PRIMERA;1;350/2023/23742;VIVIENDAS DE USO TURÍSTICO;08/09/2023
266;11031851;Conceder;Distrito de Tetuan;CALLE CEDROS 84;BAJA Y PRIMERA;2;350/2023/23744;;04/09/2023
267;11013569;Conceder;Distrito de Retiro;CALLE PIO BAROJA 2;BAJA;1;350/2023/23749;VIVIENDAS DE USO TURÍSTICO;22/11/2023
268;11084517;Conceder;Distrito de Usera;CALLE GUMERSINDO AZCARATE 21;BAJA;1;350/2023/23822;VIVIENDAS DE USO TURÍSTICO;08/09/2023
269;11002421;Conceder;Distrito de Centro;CALLE JESUS Y MARIA 24;BAJA;1;350/2023/23904;VIVIENDAS DE USO TURÍSTICO;25/09/2023
270;11010327;Conceder;Distrito de Arganzuela;CALLE DELICIAS 39;BAJA;1;350/2023/23921;VIVIENDAS DE USO TURÍSTICO;25/09/2023
271;11066892;Conceder;Distrito de Latina;CALLE MIRUEÑA 11;BAJA;1;350/2023/23956;VIVIENDAS DE USO TURÍSTICO;04/09/2023
272;11005052;Conceder;Distrito de Centro;CALLE BARQUILLO 38;TERCERA;5;350/2023/24067;VIVIENDAS DE USO TURÍSTICO;13/09/2023
273;20027866;Conceder;Distrito de Puente de Vallecas;CALLE PUERTO ALTO 12;BAJA;1;350/2023/24245;VIVIENDAS DE USO TURÍSTICO;25/09/2023
274;11013113;Conceder;Distrito de Retiro;PLAZA REYES MAGOS 13;BAJA;1;350/2023/24289;VIVIENDAS DE USO TURÍSTICO;28/11/2023
275;11002235;Conceder;Distrito de Centro;CALLE MESON DE PAREDES 69;BAJA;1;350/2023/24320;VIVIENDAS DE USO TURÍSTICO;23/08/2023
276;11002235;Conceder;Distrito de Centro;CALLE MESON DE PAREDES 69;BAJA;1;350/2023/24324;VIVIENDAS DE USO TURÍSTICO;23/08/2023
277;11052574;Conceder;Distrito de Moncloa-Aravaca;CALLE TUTOR 24;BAJA;1;350/2023/24475;VIVIENDAS DE USO TURÍSTICO;25/09/2023
278;31070561;Conceder;Distrito de Salamanca;PLAZA AMERICA ESPAÑOLA 1;BAJA;1;350/2023/24547;VIVIENDAS DE USO TURÍSTICO;29/08/2023
279;11036772;Conceder;Distrito de Tetuan;CALLE TABLADA 56;BAJA;1;350/2023/24806;VIVIENDAS DE USO TURÍSTICO;22/09/2023
280;11001913;Conceder;Distrito de Centro;CALLE CARLOS ARNICHES 28;BAJA;1;350/2023/24914;VIVIENDAS DE USO TURÍSTICO;22/09/2023
281;11001396;Conceder;Distrito de Centro;CALLE CARNERO 14;BAJA;1;350/2023/24935;VIVIENDAS DE USO TURÍSTICO;27/10/2023
282;11105282;Conceder;Distrito de Ciudad Lineal;CALLE SERVANDO BATANERO 49;BAJA;1;350/2023/25010;VIVIENDAS DE USO TURÍSTICO;21/11/2023
283;11069180;Conceder;Distrito de Carabanchel;CALLE PARADOR DEL SOL 12;BAJA;1;350/2023/25035;VIVIENDAS DE USO TURÍSTICO;20/10/2023
284;11105282;Conceder;Distrito de Ciudad Lineal;CALLE SERVANDO BATANERO 49;BAJA;1;350/2023/25108;VIVIENDAS DE USO TURÍSTICO;16/11/2023
285;20027706;Conceder;Distrito de Puente de Vallecas;CALLE PEÑA UBIÑA  29;BAJA;1;350/2023/25341;VIVIENDAS DE USO TURÍSTICO;18/09/2023
286;11002093;Conceder;Distrito de Centro;CALLE MESON DE PAREDES 53;BAJA;1;350/2023/25349;VIVIENDAS DE USO TURÍSTICO;02/04/2024
287;11000333;Conceder;Distrito de Centro;CALLE AMNISTIA 5;BAJA;4;350/2023/25352;VIVIENDAS DE USO TURÍSTICO;08/09/2023
288;11032757;Conceder;Distrito de Tetuan;CALLE MARTIRES DE LA VENTILLA 87;BAJA;1;350/2023/25362;;08/09/2023
289;11055461;Conceder;Distrito de Moncloa-Aravaca;CALLE OFELIA NIETO 21;BAJA;1;350/2023/25426;VIVIENDAS DE USO TURÍSTICO;08/09/2023
290;11010335;Conceder;Distrito de Arganzuela;CALLE MURCIA 24;BAJA;1;350/2023/25470;VIVIENDAS DE USO TURÍSTICO;16/11/2023
291;11007027;Conceder;Distrito de Centro;CALLE LORETO Y CHICOTE 4;BAJA;1;350/2023/25491;VIVIENDAS DE USO TURÍSTICO;08/09/2023
292;11053477;Conceder;Distrito de Moncloa-Aravaca;AVENIDA DOCTOR FEDERICO RUBIO Y GALI 69;BAJA;1;350/2023/25677;VIVIENDAS DE USO TURÍSTICO;27/05/2024
293;11109628;Conceder;Distrito de Ciudad Lineal;CALLE SIENA 11;BAJA;1;350/2023/25746;VIVIENDAS DE USO TURÍSTICO;28/09/2023
294;11002945;Conceder;Distrito de Centro;CALLE SALITRE 9;BAJA;1;350/2023/25780;VIVIENDAS DE USO TURÍSTICO;02/10/2023
295;11002869;Conceder;Distrito de Centro;CALLE ZURITA 41;BAJA;1;350/2023/25781;VIVIENDAS DE USO TURÍSTICO;08/09/2023
296;11010167;Conceder;Distrito de Arganzuela;CALLE FRAY LUIS DE LEON 10;BAJA;1;350/2023/25860;VIVIENDAS DE USO TURÍSTICO;02/10/2023
297;20009918;Conceder;Distrito de Chamartín;CALLE EUGENIO SALAZAR 52;BAJA;1;350/2023/25934;VIVIENDAS DE USO TURÍSTICO;28/09/2023
298;20107710;Conceder;Distrito de Arganzuela;CALLE MARTIN DE VARGAS 10;BAJA;1;350/2023/26017;;22/09/2023
299;11117415;Conceder;Distrito de Hortaleza;CALLE ANDRES OBISPO 35;BAJA;1;350/2023/26201;VIVIENDAS DE USO TURÍSTICO;15/01/2024
300;11008528;Conceder;Distrito de Arganzuela;CALLE ERCILLA 11;BAJA;1;350/2023/26228;VIVIENDAS DE USO TURÍSTICO;03/10/2023
301;11132460;Conceder;Distrito de Vicálvaro;CALLE HUERTA DEL CONVENTO 3;BAJA;1;350/2023/26256;;22/09/2023
302;11053303;Conceder;Distrito de Moncloa-Aravaca;CALLE VASCOS 21;BAJA;1;350/2023/26263;VIVIENDAS DE USO TURÍSTICO;29/04/2024
303;11119737;Conceder;Distrito de Hortaleza;CALLE SANTA ADELA 19;BAJA;1;350/2023/26293;VIVIENDAS DE USO TURÍSTICO;25/09/2023
304;11109410;Conceder;Distrito de Ciudad Lineal;CALLE SAMBARA 44;BAJA Y ENTREPLANTA;1;350/2023/26334;VIVIENDAS DE USO TURÍSTICO;22/09/2023
305;11084041;Conceder;Distrito de Usera;CALLE ANTONIO LOPEZ 140;BAJA;1;350/2023/26351;VIVIENDAS DE USO TURÍSTICO;12/09/2023
306;11107188;Conceder;Distrito de Ciudad Lineal;CALLE SAN TELESFORO 17;BAJA;2;350/2023/26362;VIVIENDAS DE USO TURÍSTICO;25/09/2023
307;11040510;Conceder;Distrito de Chamberí;CALLE SAGUNTO 11;BAJA;1;350/2023/26457;VIVIENDAS DE USO TURÍSTICO;02/10/2023
308;11077079;Conceder;Distrito de Carabanchel;CALLE THADER 7;BAJA;1;350/2023/26500;VIVIENDAS DE USO TURÍSTICO;03/10/2023
309;11029141;Conceder;Distrito de Tetuan;CALLE ARTISTAS 39;CUARTA;2;350/2023/26535;VIVIENDAS DE USO TURÍSTICO;16/11/2023
310;11008526;Conceder;Distrito de Arganzuela;CALLE ERCILLA 7;BAJA;1;350/2023/26663;;25/09/2023
311;11030430;Conceder;Distrito de Tetuan;CALLE PENSAMIENTO 24;BAJA;1;350/2023/26806;;25/09/2023
312;11122457;Conceder;Distrito de Hortaleza;CALLE OÑA 175;BAJA;1;350/2023/26817;;03/10/2023
313;20004472;Conceder;Distrito de Centro;CALLE RIBERA DE CURTIDORES 14;SOTANO;1;350/2023/26888;VIVIENDAS DE USO TURÍSTICO;16/11/2023
314;11040570;Conceder;Distrito de Chamberí;CALLE SAGUNTO 3;BAJA Y SOTANO;1;350/2023/26920;VIVIENDAS DE USO TURÍSTICO;03/10/2023
315;11071558;Conceder;Distrito de Carabanchel;AVENIDA MANZANARES 70;BAJA;1;350/2023/27019;VIVIENDAS DE USO TURÍSTICO;28/09/2023
316;11034447;Conceder;Distrito de Tetuan;CALLE GUINDOS 34;BAJA;1;350/2023/27059;VIVIENDAS DE USO TURÍSTICO;28/11/2023
317;11005958;Conceder;Distrito de Centro;CALLE MINAS 5;BAJA;1;350/2023/27107;VIVIENDAS DE USO TURÍSTICO;03/10/2023
318;11074722;Conceder;Distrito de Carabanchel;PASEO MARCELINO CAMACHO 47;BAJA;1;350/2023/27224;VIVIENDAS DE USO TURÍSTICO;20/10/2023
319;11104840;Conceder;Distrito de Ciudad Lineal;CALLE HERMANOS GOMEZ 36;BAJA;1;350/2023/27503;;19/12/2023
320;11022412;Conceder;Distrito de Chamartín;CALLE LUIS CABRERA 90;BAJA;1;350/2023/27619;VIVIENDAS DE USO TURÍSTICO;28/09/2023
321;11006885;Conceder;Distrito de Centro;CALLE ANDRES BORREGO 17;BAJA;1;350/2023/27654;VIVIENDAS DE USO TURÍSTICO;11/10/2023
322;11104016;Conceder;Distrito de Ciudad Lineal;AVENIDA MARQUES DE CORBERA 33;BAJA;2;350/2023/27668;VIVIENDAS DE USO TURÍSTICO;05/02/2024
323;11070317;Conceder;Distrito de Carabanchel;AVENIDA OPORTO 58;BAJA;3;350/2023/27722;VIVIENDAS DE USO TURÍSTICO;28/09/2023
324;11011149;Conceder;Distrito de Retiro;CALLE GRANADA 57;BAJA;2;350/2023/27730;VIVIENDAS DE USO TURÍSTICO;03/10/2023
325;11039570;Conceder;Distrito de Chamberí;CALLE GALILEO 34;BAJA;1;350/2023/27732;VIVIENDAS DE USO TURÍSTICO;28/09/2023
326;11039481;Conceder;Distrito de Chamberí;CALLE FERNANDO EL CATOLICO 6;BAJA;2;350/2023/27831;VIVIENDAS DE USO TURÍSTICO;02/10/2023
327;11107912;Conceder;Distrito de Ciudad Lineal;CALLE CENTENERA 22;BAJA;1;350/2023/27844;VIVIENDAS DE USO TURÍSTICO;05/02/2024
328;11022464;Conceder;Distrito de Chamartín;CALLE CONSTANCIA 36;BAJA;1;350/2023/27852;VIVIENDAS DE USO TURÍSTICO;02/10/2023
329;11027338;Conceder;Distrito de Chamartín;CALLE MAURICIO LEGENDRE 43;BAJA;2;350/2023/27855;VIVIENDAS DE USO TURÍSTICO;11/10/2023
330;11039481;Conceder;Distrito de Chamberí;CALLE FERNANDO EL CATOLICO 6;BAJA;1;350/2023/27935;VIVIENDAS DE USO TURÍSTICO;02/10/2023
331;11122381;Conceder;Distrito de Hortaleza;CALLE OÑA 25;BAJA;1;350/2023/27945;VIVIENDAS DE USO TURÍSTICO;11/10/2023
332;20168311;Conceder;Distrito de Tetuan;CALLE ORENSE 51;PRIMERA;1;350/2023/28050;VIVIENDAS DE USO TURÍSTICO;20/10/2023
333;11024147;Conceder;Distrito de Chamartín;CALLE SANCHEZ PACHECO 47;BAJA;1;350/2023/28151;VIVIENDAS DE USO TURÍSTICO;16/11/2023
334;11009955;Conceder;Distrito de Arganzuela;CALLE GENERAL LACY 40;BAJA;1;350/2023/28325;VIVIENDAS DE USO TURÍSTICO;02/10/2023
335;11039394;Conceder;Distrito de Chamberí;CALLE DONOSO CORTES 15;BAJA;1;350/2023/28345;VIVIENDAS DE USO TURÍSTICO;11/10/2023
336;11060569;Conceder;Distrito de Latina;CALLE SANTA URSULA 7;BAJA;1;350/2023/28364;VIVIENDAS DE USO TURÍSTICO;16/11/2023
337;11011435;Conceder;Distrito de Retiro;AVENIDA CIUDAD DE BARCELONA 111;BAJA;1;350/2023/28383;VIVIENDAS DE USO TURÍSTICO;16/11/2023
338;11065092;Conceder;Distrito de Latina;CALLE ILLESCAS 195;BAJA;1;350/2023/28389;VIVIENDAS DE USO TURÍSTICO;16/11/2023
339;11106520;Conceder;Distrito de Ciudad Lineal;CALLE GONZALO DE BERCEO 74;BAJA;1;350/2023/28422;VIVIENDAS DE USO TURÍSTICO;02/10/2023
340;11000835;Conceder;Distrito de Centro;CALLE ANGEL 12;BAJA;1;350/2023/28473;VIVIENDAS DE USO TURÍSTICO;20/10/2023
341;11008101;Conceder;Distrito de Arganzuela;CALLE JUAN DUQUE 40;BAJA;1;350/2023/28518;VIVIENDAS DE USO TURÍSTICO;16/11/2023
342;11008101;Conceder;Distrito de Arganzuela;CALLE JUAN DUQUE 40;BAJA;1;350/2023/28522;VIVIENDAS DE USO TURÍSTICO;31/10/2023
343;11014751;Conceder;Distrito de Salamanca;CALLE DUQUE DE SESTO 3;BAJA;2;350/2023/28551;VIVIENDAS DE USO TURÍSTICO;22/12/2023
344;11010333;Conceder;Distrito de Arganzuela;CALLE GENERAL LACY 12;BAJA;1;350/2023/28619;;16/11/2023
345;11002885;Conceder;Distrito de Centro;CALLE FE 13;BAJA;1;350/2023/28697;VIVIENDAS DE USO TURÍSTICO;16/11/2023
346;11138087;Conceder;Distrito de San Blas - Canillejas;CALLE NECTAR 45;BAJA;2;350/2023/28710;VIVIENDAS DE USO TURÍSTICO;31/10/2023
347;11010605;Conceder;Distrito de Retiro;AVENIDA CIUDAD DE BARCELONA 180;BAJA;1;350/2023/28728;VIVIENDAS DE USO TURÍSTICO;20/10/2023
348;11006684;Conceder;Distrito de Centro;CALLE NORTE 5;BAJA;1;350/2023/28961;VIVIENDAS DE USO TURÍSTICO;26/10/2023
349;11041600;Conceder;Distrito de Chamberí;CALLE BRETON DE LOS HERREROS 54;BAJA;1;350/2023/28986;;20/10/2023
350;11002452;Conceder;Distrito de Centro;CALLE JESUS Y MARIA 22;BAJA;1;350/2023/29038;VIVIENDAS DE USO TURÍSTICO;16/11/2023
351;11014794;Conceder;Distrito de Salamanca;CALLE LOPE DE RUEDA 15;BAJA;1;350/2023/29107;VIVIENDAS DE USO TURÍSTICO;13/11/2023
352;11038616;Conceder;Distrito de Chamberí;CALLE MELENDEZ VALDES 54;BAJA;4;350/2023/29169;VIVIENDAS DE USO TURÍSTICO;13/11/2023
353;11109691;Conceder;Distrito de Ciudad Lineal;CALLE VIRGEN DE LA PAZ 16;BAJA;4;350/2023/29237;VIVIENDAS DE USO TURÍSTICO;13/11/2023
354;11008803;Conceder;Distrito de Arganzuela;CALLE TORRES MIRANDA 21;BAJA;1;350/2023/29272;VIVIENDAS DE USO TURÍSTICO;16/11/2023
355;11071555;Conceder;Distrito de Carabanchel;AVENIDA MANZANARES 64;BAJA;1;350/2023/29277;VIVIENDAS DE USO TURÍSTICO;28/11/2023
356;11071555;Conceder;Distrito de Carabanchel;AVENIDA MANZANARES 64;BAJA;1;350/2023/29280;VIVIENDAS DE USO TURÍSTICO;16/11/2023
357;11039354;Conceder;Distrito de Chamberí;CALLE BLASCO DE GARAY 70;BAJA;1;350/2023/29343;VIVIENDAS DE USO TURÍSTICO;28/11/2023
358;11038489;Conceder;Distrito de Chamberí;CALLE BLASCO DE GARAY 23;BAJA;1;350/2023/29456;VIVIENDAS DE USO TURÍSTICO;11/10/2023
359;11023389;Conceder;Distrito de Chamartín;CALLE GUSTAVO FERNANDEZ BALBUENA 17;BAJA;1;350/2023/29515;VIVIENDAS DE USO TURÍSTICO;28/11/2023
360;20149620;Conceder;Distrito de Tetuan;CALLE SAN LEOPOLDO 23;BAJA;2;350/2023/29553;VIVIENDAS DE USO TURÍSTICO;26/10/2023
361;11112775;Conceder;Distrito de Ciudad Lineal;CALLE JAZMIN 53;BAJA;1;350/2023/29613;VIVIENDAS DE USO TURÍSTICO;19/12/2023
362;11101106;Conceder;Distrito de Puente de Vallecas;CALLE MONTE OLIVETI 11;BAJA, PRIMERA Y SEGUNDA;3;350/2023/29685;VIVIENDAS DE USO TURÍSTICO;27/10/2023
363;11092087;Conceder;Distrito de Puente de Vallecas;CALLE ARGENTE 11;PRIMERA;1;350/2023/29718;VIVIENDAS DE USO TURÍSTICO;20/03/2024
364;11008015;Conceder;Distrito de Arganzuela;CALLE MANZANARES 26;BAJA;1;350/2023/29762;VIVIENDAS DE USO TURÍSTICO;16/11/2023
365;11069002;Conceder;Distrito de Carabanchel;CALLE PEDRO YAGÜE 3;BAJA;1;350/2023/29784;;16/11/2023
366;11003105;Conceder;Distrito de Centro;CALLE DOCTOR FOURQUET 17;BAJA;1;350/2023/29790;VIVIENDAS DE USO TURÍSTICO;31/10/2023
367;20159277;Conceder;Distrito de San Blas - Canillejas;CALLE TROYA 4;BAJA;1;350/2023/29898;VIVIENDAS DE USO TURÍSTICO;16/11/2023
368;11039142;Conceder;Distrito de Chamberí;CALLE ANDRES MELLADO 84;BAJA;1;350/2023/29923;VIVIENDAS DE USO TURÍSTICO;11/10/2023
369;11048285;Conceder;Distrito de Fuencarral-El Pardo;CALLE MATARO 10;BAJA;1;350/2023/29994;VIVIENDAS DE USO TURÍSTICO;20/10/2023
370;11033801;Conceder;Distrito de Tetuan;CALLE PINOS ALTA 15;BAJA;1;350/2023/30006;VIVIENDAS DE USO TURÍSTICO;16/11/2023
371;11131227;Conceder;Distrito de Villa de Vallecas;CALLE SIERRA DE SABIÑAR 2;BAJA;1;350/2023/30086;VIVIENDAS DE USO TURÍSTICO;20/10/2023
372;11100905;Conceder;Distrito de Puente de Vallecas;CALLE MONTE URGULL 28;BAJA;1;350/2023/30221;VIVIENDAS DE USO TURÍSTICO;26/10/2023
373;11002444;Conceder;Distrito de Centro;TRAVESÍA COMADRE 6;BAJA;1;350/2023/30410;VIVIENDAS DE USO TURÍSTICO;31/10/2023
374;11018800;Conceder;Distrito de Salamanca;CALLE ARDEMANS 62;BAJA;7;350/2023/30441;VIVIENDAS DE USO TURÍSTICO;26/10/2023
375;11000974;Conceder;Distrito de Centro;CALLE DON PEDRO 11;BAJA;1;350/2023/30486;VIVIENDAS DE USO TURÍSTICO;31/10/2023
376;11083644;Conceder;Distrito de Usera;CALLE ANTONIO LOPEZ 151;BAJA;1;350/2023/30828;VIVIENDAS DE USO TURÍSTICO;07/11/2023
377;11025210;Conceder;Distrito de Chamartín;CALLE CHILE 17;BAJA;1;350/2023/30839;VIVIENDAS DE USO TURÍSTICO;07/11/2023
378;11039912;Conceder;Distrito de Chamberí;CALLE HARTZENBUSCH 15;BAJA;1;350/2023/30964;VIVIENDAS DE USO TURÍSTICO;10/01/2024
379;11127131;Conceder;Distrito de Villaverde;CALLE CERRO DE LOS ANGELES 2;BAJA;1;350/2023/31064;VIVIENDAS DE USO TURÍSTICO;31/10/2023
380;11008723;Conceder;Distrito de Arganzuela;CALLE FERNANDO POO 5;BAJA;1;350/2023/31184;VIVIENDAS DE USO TURÍSTICO;07/11/2023
381;11003351;Conceder;Distrito de Centro;CALLE GOBERNADOR 18;BAJA;1;350/2023/31267;VIVIENDAS DE USO TURÍSTICO;12/12/2023
382;31042849;Conceder;Distrito de Moncloa-Aravaca;CALLE ALMANSA 82;BAJA;1;350/2023/31290;VIVIENDAS DE USO TURÍSTICO;02/11/2023
383;11103408;Conceder;Distrito de Ciudad Lineal;CALLE CYESA 3;BAJA;1;350/2023/31323;VIVIENDAS DE USO TURÍSTICO;03/11/2023
384;11010938;Conceder;Distrito de Retiro;AVENIDA CIUDAD DE BARCELONA 51;BAJA;1;350/2023/31366;;16/11/2023
385;11042289;Conceder;Distrito de Chamberí;CALLE PONZANO 91;BAJA;1;350/2023/31382;;13/11/2023
386;11077968;Conceder;Distrito de Carabanchel;CALLE AGUILAR DEL RIO 2;BAJA;1;350/2023/31403;VIVIENDAS DE USO TURÍSTICO;02/11/2023
387;11004235;Conceder;Distrito de Centro;CALLE PRIM 4;BAJA;1;350/2023/31409;VIVIENDAS DE USO TURÍSTICO;07/11/2023
388;11077184;Conceder;Distrito de Carabanchel;CALLE ANTONIA RODRIGUEZ SACRISTAN 41;BAJA;1;350/2023/31481;VIVIENDAS DE USO TURÍSTICO;13/11/2023
389;11054969;Conceder;Distrito de Moncloa-Aravaca;CALLE AGUILAR DE CAMPOO 1;BAJA;1;350/2023/31545;VIVIENDAS DE USO TURÍSTICO;13/11/2023
390;11131598;Conceder;Distrito de Villa de Vallecas;CALLE CASTRILLO DE AZA 7;BAJA;2;350/2023/31624;VIVIENDAS DE USO TURÍSTICO;25/01/2024
391;11016808;Conceder;Distrito de Salamanca;CALLE RUFINO BLANCO 16;BAJA;1;350/2023/31750;;21/03/2024
392;11018486;Conceder;Distrito de Salamanca;CALLE ARDEMANS 42;BAJA;1;350/2023/31756;;16/11/2023
393;11062865;Conceder;Distrito de Latina;CALLE RAFAEL LOPEZ PANDO 5;BAJA;1;350/2023/31758;VIVIENDAS DE USO TURÍSTICO;21/11/2023
394;11008116;Conceder;Distrito de Arganzuela;PASEO IMPERIAL 23;BAJA;1;350/2023/31759;VIVIENDAS DE USO TURÍSTICO;21/11/2023
395;20060190;Conceder;Distrito de Hortaleza;CALLE PURCHENA 67;BAJA;2;350/2023/31760;VIVIENDAS DE USO TURÍSTICO;21/11/2023
396;11104187;Conceder;Distrito de Ciudad Lineal;CALLE GERARDO CORDON 49;BAJA;1;350/2023/31762;VIVIENDAS DE USO TURÍSTICO;31/05/2024
397;11002201;Conceder;Distrito de Centro;CALLE MIRA EL SOL 3;BAJA;1;350/2023/31813;VIVIENDAS DE USO TURÍSTICO;14/02/2024
398;11027538;Conceder;Distrito de Chamartín;CALLE INFANTA MARIA TERESA 9;BAJA;2;350/2023/31872;VIVIENDAS DE USO TURÍSTICO;24/11/2023
399;11018800;Conceder;Distrito de Salamanca;CALLE ARDEMANS 62;BAJA;1;350/2023/31899;VIVIENDAS DE USO TURÍSTICO;16/11/2023
400;11069099;Conceder;Distrito de Carabanchel;CALLE CONDE DE VISTAHERMOSA 48;BAJA;1;350/2023/31991;;16/11/2023
401;11069099;Conceder;Distrito de Carabanchel;CALLE CONDE DE VISTAHERMOSA 48;BAJA;1;350/2023/32011;;16/11/2023
402;11117053;Conceder;Distrito de Hortaleza;CALLE MOTILLA DEL PALANCAR 32;BAJA;2;350/2023/32070;VIVIENDAS DE USO TURÍSTICO;16/11/2023
403;11004235;Conceder;Distrito de Centro;CALLE PRIM 4;BAJA;1;350/2023/32304;VIVIENDAS DE USO TURÍSTICO;16/11/2023
404;11009931;Conceder;Distrito de Arganzuela;CALLE RAFAEL DE RIEGO 48;BAJA Y ENTREPLANTA;2;350/2023/32510;VIVIENDAS DE USO TURÍSTICO;16/11/2023
405;11029069;Conceder;Distrito de Tetuan;CALLE DOCTOR SANTERO 16;BAJA;2;350/2023/32514;;28/11/2023
406;11033688;Conceder;Distrito de Tetuan;CALLE PINOS ALTA 11;BAJA;1;350/2023/32531;VIVIENDAS DE USO TURÍSTICO;25/01/2024
407;11108886;Conceder;Distrito de Ciudad Lineal;CALLE GERMAN PEREZ CARRASCO 51;BAJA;1;350/2023/32532;VIVIENDAS DE USO TURÍSTICO;16/11/2023
408;11013569;Conceder;Distrito de Retiro;CALLE PIO BAROJA 2;BAJA;1;350/2023/32557;VIVIENDAS DE USO TURÍSTICO;16/11/2023
409;11052638;Conceder;Distrito de Moncloa-Aravaca;CALLE FERRAZ 41;BAJA;2;350/2023/32563;VIVIENDAS DE USO TURÍSTICO;16/11/2023
410;11078004;Conceder;Distrito de Carabanchel;CALLE MARIANISTAS 5;SEGUNDA, TERCERA, CUARTA;17;350/2023/32722;VIVIENDAS DE USO TURÍSTICO;16/11/2023
411;11021946;Conceder;Distrito de Chamartín;CALLE CANILLAS 5;BAJA;21;350/2023/32769;VIVIENDAS DE USO TURÍSTICO;21/11/2023
412;11000839;Conceder;Distrito de Centro;CALLE SAN ISIDRO LABRADOR 8;BAJA;1;350/2023/32833;VIVIENDAS DE USO TURÍSTICO;16/11/2023
413;11013569;Conceder;Distrito de Retiro;CALLE PIO BAROJA 2;BAJA;1;350/2023/33101;VIVIENDAS DE USO TURÍSTICO;16/11/2023
414;11108625;Conceder;Distrito de Ciudad Lineal;CALLE ZIGIA 13;BAJA;1;350/2023/33255;VIVIENDAS DE USO TURÍSTICO;28/11/2023
415;11010438;Conceder;Distrito de Arganzuela;PASEO SANTA MARIA DE LA CABEZA 21;BAJA;1;350/2023/33265;VIVIENDAS DE USO TURÍSTICO;28/11/2023
416;11013569;Conceder;Distrito de Retiro;CALLE PIO BAROJA 2;BAJA;1;350/2023/33306;VIVIENDAS DE USO TURÍSTICO;21/11/2023
417;11060225;Conceder;Distrito de Latina;CALLE DOÑA BERENGUELA 19;BAJA;1;350/2023/33343;VIVIENDAS DE USO TURÍSTICO;24/11/2023
418;11013569;Conceder;Distrito de Retiro;CALLE PIO BAROJA 2;BAJA;1;350/2023/33523;;20/02/2024
419;11037586;Conceder;Distrito de Tetuan;CALLE ALONSO NUÑEZ 18;BAJA;2;350/2023/33581;VIVIENDAS DE USO TURÍSTICO;26/01/2024
420;11025272;Conceder;Distrito de Chamartín;CALLE COCHABAMBA 22;BAJA;1;350/2023/33625;VIVIENDAS DE USO TURÍSTICO;21/11/2023
421;31023656;Conceder;Distrito de Arganzuela;CALLE BRONCE 10 A;BAJA;1;350/2023/33642;VIVIENDAS DE USO TURÍSTICO;10/01/2024
422;31047692;Conceder;Distrito de Ciudad Lineal;CALLE VIRGEN DEL PUIG 10;BAJA;1;350/2023/33683;VIVIENDAS DE USO TURÍSTICO;19/02/2024
423;11002180;Conceder;Distrito de Centro;CALLE PEÑA DE FRANCIA 5;BAJA;1;350/2023/33721;VIVIENDAS DE USO TURÍSTICO;11/04/2024
424;11015896;Conceder;Distrito de Salamanca;CALLE JORGE JUAN 112;BAJA;1;350/2023/33800;VIVIENDAS DE USO TURÍSTICO;21/11/2023
425;11029221;Conceder;Distrito de Tetuan;CALLE AVIADOR ZORITA 3;PRIMERA;1;350/2023/33843;VIVIENDAS DE USO TURÍSTICO;27/11/2023
426;11030007;Conceder;Distrito de Tetuan;CALLE ORENSE 39;BAJA;1;350/2023/33853;VIVIENDAS DE USO TURÍSTICO;27/11/2023
427;11026385;Conceder;Distrito de Chamartín;CALLE NUESTRA SEÑORA DE LUJAN 9;BAJA;1;350/2023/34005;VIVIENDAS DE USO TURÍSTICO;22/04/2024
428;11062827;Conceder;Distrito de Latina;CALLE CORIA 9;BAJA;1;350/2023/34041;VIVIENDAS DE USO TURÍSTICO;24/11/2023
429;11004633;Conceder;Distrito de Centro;CALLE SAN MARCOS 21;BAJA;1;350/2023/34050;VIVIENDAS DE USO TURÍSTICO;24/11/2023
430;11029131;Conceder;Distrito de Tetuan;CALLE ARTISTAS 8;BAJA;2;350/2023/34066;VIVIENDAS DE USO TURÍSTICO;28/11/2023
431;11002161;Conceder;Distrito de Centro;CALLE HUERTA DEL BAYO 4;BAJA;1;350/2023/34198;VIVIENDAS DE USO TURÍSTICO;28/11/2023
432;11010802;Conceder;Distrito de Retiro;CALLE JOSE SANCHEZ PESCADOR 12;BAJA;1;350/2023/34217;VIVIENDAS DE USO TURÍSTICO;27/11/2023
433;11008781;Conceder;Distrito de Arganzuela;CALLE FERNANDO POO 16;BAJA;1;350/2023/34239;VIVIENDAS DE USO TURÍSTICO;27/11/2023
434;11012911;Conceder;Distrito de Retiro;CALLE ALBERTO BOSCH 14;BAJA;1;350/2023/34370;VIVIENDAS DE USO TURÍSTICO;27/11/2023
435;11033595;Conceder;Distrito de Tetuan;CALLE PINOS ALTA 93;BAJA;1;350/2023/34422;VIVIENDAS DE USO TURÍSTICO;28/11/2023
436;11002847;Conceder;Distrito de Centro;CALLE FE 6;BAJA;1;350/2023/34520;VIVIENDAS DE USO TURÍSTICO;27/11/2023
437;11037385;Conceder;Distrito de Tetuan;CALLE ALONSO NUÑEZ 10;BAJA;1;350/2023/34610;VIVIENDAS DE USO TURÍSTICO;27/11/2023
438;11084045;Conceder;Distrito de Usera;CALLE ANTONIO LOPEZ 150;PRIMERA;1;350/2023/34897;VIVIENDAS DE USO TURÍSTICO;20/02/2024
439;11062520;Conceder;Distrito de Latina;CALLE FRANCISCO DE TEJADA 1;BAJA;1;350/2023/34940;VIVIENDAS DE USO TURÍSTICO;29/02/2024
440;11142291;Conceder;Distrito de Hortaleza;AVENIDA SAN LUIS 27;BAJA;1;350/2023/35323;VIVIENDAS DE USO TURÍSTICO;09/04/2024
441;11013643;Conceder;Distrito de Retiro;CALLE JUAN ESPLANDIU 7;BAJA;2;350/2023/35676;VIVIENDAS DE USO TURÍSTICO;18/01/2024
442;11030587;Conceder;Distrito de Tetuan;CALLE ORENSE 63;BAJA;2;350/2023/35971;VIVIENDAS DE USO TURÍSTICO;10/01/2024
443;11012497;Conceder;Distrito de Retiro;AVENIDA MENENDEZ PELAYO 43;BAJA;1;350/2023/36051;VIVIENDAS DE USO TURÍSTICO;11/01/2024
444;11008066;Conceder;Distrito de Arganzuela;CALLE LINNEO 23;BAJA;1;350/2023/36166;VIVIENDAS DE USO TURÍSTICO;10/01/2024
445;11013569;Conceder;Distrito de Retiro;CALLE PIO BAROJA 2;BAJA;1;350/2023/36186;VIVIENDAS DE USO TURÍSTICO;28/12/2023
446;11013569;Conceder;Distrito de Retiro;CALLE PIO BAROJA 2;BAJA;1;350/2023/36293;VIVIENDAS DE USO TURÍSTICO;15/12/2023
447;11099832;Conceder;Distrito de Puente de Vallecas;CALLE PICO MONCAYO 5;BAJA, PRIMERA Y SEGUNDA;3;350/2023/36784;VIVIENDAS DE USO TURÍSTICO;23/01/2024
448;11008794;Conceder;Distrito de Arganzuela;CALLE AGUILON 5;BAJA;1;350/2023/36888;VIVIENDAS DE USO TURÍSTICO;06/03/2024
449;11001008;Conceder;Distrito de Centro;PLAZA MORERIA 2;BAJA;2;350/2023/36975;VIVIENDAS DE USO TURÍSTICO;20/03/2024
450;11085207;Conceder;Distrito de Usera;CALLE CEREZA 1;BAJA;1;350/2023/36983;VIVIENDAS DE USO TURÍSTICO;31/05/2024
451;11106798;Conceder;Distrito de Ciudad Lineal;CALLE EZEQUIEL SOLANA 120;BAJA;1;350/2023/36997;VIVIENDAS DE USO TURÍSTICO;10/01/2024
452;11101383;Conceder;Distrito de Moratalaz;CALLE JOSE BERGAMIN 12;BAJA;1;350/2023/37349;VIVIENDAS DE USO TURÍSTICO;22/12/2023
453;11142291;Conceder;Distrito de Hortaleza;AVENIDA SAN LUIS 27;BAJA;1;350/2023/37456;VIVIENDAS DE USO TURÍSTICO;05/02/2024
454;20008646;Conceder;Distrito de Salamanca;CALLE ALCALA 202;PRIMERA;1;350/2023/37716;VIVIENDAS DE USO TURÍSTICO;14/02/2024
455;20148651;Conceder;Distrito de Fuencarral-El Pardo;CALLE FERMIN CABALLERO 62;BAJA;1;350/2023/37783;VIVIENDAS DE USO TURÍSTICO;11/06/2024
456;11023787;Conceder;Distrito de Chamartín;CALLE SATURNINO CALLEJA 3 A;BAJA;1;350/2023/38169;VIVIENDAS DE USO TURÍSTICO;29/02/2024
457;11002890;Conceder;Distrito de Centro;CALLE SALITRE 8;BAJA;1;350/2023/38494;VIVIENDAS DE USO TURÍSTICO;14/06/2024
458;11063575;Conceder;Distrito de Latina;CALLE ALVERJA 5;BAJA;1;350/2023/38760;VIVIENDAS DE USO TURÍSTICO;08/03/2024
459;11001534;Conceder;Distrito de Centro;CALLE COLEGIATA 6;BAJA Y ENTREPLANTA;3;350/2023/38983;VIVIENDAS DE USO TURÍSTICO;29/02/2024
460;11072762;Conceder;Distrito de Carabanchel;CALLE COMANDANTE FONTANES 51;BAJA;1;350/2023/38996;VIVIENDAS DE USO TURÍSTICO;09/08/2024
461;11006007;Conceder;Distrito de Centro;CALLE SAN VICENTE FERRER 43;BAJA;1;350/2024/00030;VIVIENDAS DE USO TURÍSTICO;08/03/2024
462;11034088;Conceder;Distrito de Tetuan;CALLE PLATANO 7;BAJA;1;350/2024/00277;VIVIENDAS DE USO TURÍSTICO;14/02/2024
463;11052807;Conceder;Distrito de Moncloa-Aravaca;CALLE FERRAZ 86;BAJA;1;350/2024/00803;VIVIENDAS DE USO TURÍSTICO;11/06/2024
464;11005698;Conceder;Distrito de Centro;CALLE BARCO 29;BAJA;1;350/2024/00963;VIVIENDAS DE USO TURÍSTICO;11/03/2024
465;20004858;Conceder;Distrito de Centro;CALLE SALITRE 23;BAJA;1;350/2024/01002;VIVIENDAS DE USO TURÍSTICO;14/02/2024
466;11101705;Conceder;Distrito de Moratalaz;CALLE ARROYO BELINCOSO 40;BAJA;1;350/2024/01016;VIVIENDAS DE USO TURÍSTICO;05/02/2024
467;11018572;Conceder;Distrito de Salamanca;CALLE PILAR DE ZARAGOZA 61;BAJA;1;350/2024/01042;VIVIENDAS DE USO TURÍSTICO;11/04/2024
468;11001761;Conceder;Distrito de Centro;CALLE DOS HERMANAS 11;BAJA;1;350/2024/01371;VIVIENDAS DE USO TURÍSTICO;22/04/2024
469;20134509;Conceder;Distrito de Tetuan;CALLE DOCTOR MARIANI 10;BAJA;1;350/2024/01642;VIVIENDAS DE USO TURÍSTICO;14/02/2024
470;11001823;Conceder;Distrito de Centro;CALLE FRAY CEFERINO GONZALEZ 10;BAJA;2;350/2024/02095;VIVIENDAS DE USO TURÍSTICO;11/03/2024
471;11069394;Conceder;Distrito de Carabanchel;CALLE ANTONIO VICENT 22;BAJA;1;350/2024/02133;VIVIENDAS DE USO TURÍSTICO;08/03/2024
472;11010205;Conceder;Distrito de Arganzuela;CALLE JOSE ANTONIO DE ARMONA 4;BAJA;1;350/2024/02161;VIVIENDAS DE USO TURÍSTICO;14/02/2024
473;11006031;Conceder;Distrito de Centro;CALLE ESPIRITU SANTO 33;BAJA;1;350/2024/02321;VIVIENDAS DE USO TURÍSTICO;08/04/2024
474;11025442;Conceder;Distrito de Chamartín;CALLE RAMON DE SANTILLAN 14;BAJA;4;350/2024/02410;VIVIENDAS DE USO TURÍSTICO;08/03/2024
475;11016394;Conceder;Distrito de Salamanca;CALLE DOCTOR ESQUERDO 35;PRIMERA;1;350/2024/02754;VIVIENDAS DE USO TURÍSTICO;20/02/2024
476;11033887;Conceder;Distrito de Tetuan;CALLE MULLER 48;BAJA;1;350/2024/02988;VIVIENDAS DE USO TURÍSTICO;11/03/2024
477;11010347;Conceder;Distrito de Arganzuela;CALLE DELICIAS 23;BAJA;1;350/2024/03729;VIVIENDAS DE USO TURÍSTICO;20/03/2024
478;31016329;Conceder;Distrito de Arganzuela;CALLE JOSE ANTONIO ZAPATA 10;BAJA;1;350/2024/03852;VIVIENDAS DE USO TURÍSTICO;29/02/2024
479;11006453;Conceder;Distrito de Centro;CALLE SANTA CRUZ DE MARCENADO 8;BAJA;1;350/2024/03892;VIVIENDAS DE USO TURÍSTICO;04/03/2024
480;31016329;Conceder;Distrito de Arganzuela;CALLE JOSE ANTONIO ZAPATA 10;BAJA;1;350/2024/04016;VIVIENDAS DE USO TURÍSTICO;05/03/2024
481;31016329;Conceder;Distrito de Arganzuela;CALLE JOSE ANTONIO ZAPATA 10;BAJA;1;350/2024/04075;VIVIENDAS DE USO TURÍSTICO;14/03/2024
482;11102125;Conceder;Distrito de Moratalaz;CALLE ARROYO FONTARRON 45;BAJA;1;350/2024/04192;VIVIENDAS DE USO TURÍSTICO;22/04/2024
483;11104422;Conceder;Distrito de Ciudad Lineal;CALLE IGNACIO ELLACURIA 12;BAJA;1;350/2024/04259;VIVIENDAS DE USO TURÍSTICO;08/03/2024
484;31016329;Conceder;Distrito de Arganzuela;CALLE JOSE ANTONIO ZAPATA 10;BAJA;1;350/2024/04549;VIVIENDAS DE USO TURÍSTICO;02/04/2024
485;31016329;Conceder;Distrito de Arganzuela;CALLE JOSE ANTONIO ZAPATA 10;BAJA;1;350/2024/04579;VIVIENDAS DE USO TURÍSTICO;11/03/2024
486;11001369;Conceder;Distrito de Centro;CALLE BASTERO 7;BAJA;1;350/2024/04590;VIVIENDAS DE USO TURÍSTICO;14/03/2024
487;11030789;Conceder;Distrito de Tetuan;CALLE BUSTARVIEJO 3;BAJA;1;350/2024/05227;VIVIENDAS DE USO TURÍSTICO;26/06/2024
488;11029741;Conceder;Distrito de Tetuan;CALLE AVILA 26;BAJA;1;350/2024/05228;VIVIENDAS DE USO TURÍSTICO;20/03/2024
489;11001728;Conceder;Distrito de Centro;CALLE JUANELO 16;BAJA;1;350/2024/05925;VIVIENDAS DE USO TURÍSTICO;20/03/2024
490;11000434;Conceder;Distrito de Centro;CALLE MESON DE PAÑOS 4;BAJA;1;350/2024/06155;VIVIENDAS DE USO TURÍSTICO;29/04/2024
491;11005781;Conceder;Distrito de Centro;CALLE EL ESCORIAL 10;BAJA;1;350/2024/06364;VIVIENDAS DE USO TURÍSTICO;11/04/2024
492;11007229;Conceder;Distrito de Centro;CALLE JACOMETREZO 15;PRIMERA;1;350/2024/06585;VIVIENDAS DE USO TURÍSTICO;11/04/2024
493;11040647;Conceder;Distrito de Chamberí;CALLE MANUEL CORTINA 3;BAJA;1;350/2024/06980;VIVIENDAS DE USO TURÍSTICO;17/04/2024
494;20138727;Conceder;Distrito de Barajas;CALLE AGUETOL 7;BAJA;2;350/2024/07178;VIVIENDAS DE USO TURÍSTICO;17/04/2024
495;11109468;Conceder;Distrito de Ciudad Lineal;CALLE SAMBARA 24;BAJA;1;350/2024/07288;VIVIENDAS DE USO TURÍSTICO;23/03/2024
496;11011819;Conceder;Distrito de Retiro;CALLE LIRA 1;PRIMERA;3;350/2024/07472;VIVIENDAS DE USO TURÍSTICO;11/04/2024
497;11038555;Conceder;Distrito de Chamberí;CALLE ANDRES MELLADO 20;BAJA;1;350/2024/07702;VIVIENDAS DE USO TURÍSTICO;11/04/2024
498;11065192;Conceder;Distrito de Latina;CALLE CAMARENA 168;BAJA;1;350/2024/07775;VIVIENDAS DE USO TURÍSTICO;10/06/2024
499;11009440;Conceder;Distrito de Arganzuela;CALLE ALICANTE 3;BAJA;1;350/2024/08322;VIVIENDAS DE USO TURÍSTICO;22/04/2024
500;11002731;Conceder;Distrito de Centro;CALLE AVE MARIA 38;BAJA;1;350/2024/08354;;14/06/2024
501;11137606;Conceder;Distrito de San Blas - Canillejas;CALLE NICOLASA GOMEZ 77;BAJA;1;350/2024/08461;VIVIENDAS DE USO TURÍSTICO;17/06/2024
502;11001885;Conceder;Distrito de Centro;CALLE RIBERA DE CURTIDORES 2;BAJA;1;350/2024/09407;VIVIENDAS DE USO TURÍSTICO;10/06/2024
503;11006237;Conceder;Distrito de Centro;CALLE SAN BERNARDO 87;BAJA;1;350/2024/09409;VIVIENDAS DE USO TURÍSTICO;30/04/2024
504;11006537;Conceder;Distrito de Centro;TRAVESÍA CONDE DUQUE 14;BAJA;2;350/2024/09627;VIVIENDAS DE USO TURÍSTICO;28/05/2024
505;11018674;Conceder;Distrito de Salamanca;CALLE ANDRES TAMAYO 23;BAJA;1;350/2024/10028;VIVIENDAS DE USO TURÍSTICO;30/04/2024
506;11001579;Conceder;Distrito de Centro;CALLE DOCTOR CORTEZO 17;CUARTA;3;350/2024/10977;VIVIENDAS DE USO TURÍSTICO;12/06/2024
507;20083544;Conceder;Distrito de Ciudad Lineal;CALLE RAQUEL MELLER 3;BAJA;1;350/2024/11447;;28/05/2024
508;11107884;Conceder;Distrito de Ciudad Lineal;CALLE GOMEZ DE AVELLANEDA 37;BAJA;1;350/2024/12084;VIVIENDAS DE USO TURÍSTICO;26/06/2024
509;20183504;Conceder;Distrito de Vicálvaro;CALLE VILLAJIMENA 18;BAJA;1;350/2024/15997;VIVIENDAS DE USO TURÍSTICO;10/07/2024
510;11017908;Conceder;Distrito de Salamanca;AVENIDA  BRUSELAS 72;BAJA;9;350/2024/18017;VIVIENDAS DE USO TURÍSTICO;06/03/2019
511;11141760;Conceder;Distrito de Barajas;CALLE AUTOGIRO 37;BAJA;1;350/2024/20192;VIVIENDAS DE USO TURÍSTICO;30/07/2024
512;11107185;Conceder;Distrito de Ciudad Lineal;CALLE SAN TELESFORO 11;BAJA;1;350/2024/20800;VIVIENDAS DE USO TURÍSTICO;30/07/2024
513;20060037;Conceder;Distrito de Hortaleza;CALLE ROQUETAS DE MAR 17;BAJA;1;350/2024/21342;VIVIENDAS DE USO TURÍSTICO;30/07/2024
514;11017908;Conceder;Distrito de Salamanca;AVENIDA BRUSELAS 72;;0;500/2019/01019;VIVIENDAS DE USO TURÍSTICO;06/03/2019
515;11002517;Conceder;Distrito de Centro;CALLE CALVARIO  25;BAJA;1;500/2019/01607;VIVIENDAS DE USO TURÍSTICO;12/03/2019
516;11055462;Conceder;Distrito de Moncloa-Aravaca;CALLE SANCHEZ PRECIADO 22;BAJA;1;500/2019/11673;VIVIENDAS DE USO TURÍSTICO;13/11/2019
517;11055462;Conceder;Distrito de Moncloa-Aravaca;CALLE SANCHEZ PRECIADO  22;BAJA;1;500/2019/11680;VIVIENDAS DE USO TURÍSTICO;13/11/2019
518;11070349;Conceder;Distrito de Carabanchel;CALLE VALLE DE ORO 8;BAJA;1;500/2019/12154;VIVIENDAS DE USO TURÍSTICO;28/09/2020
519;11002221;Conceder;Distrito de Centro;CALLE AMPARO 68;BAJA;1;500/2019/13447;VIVIENDAS DE USO TURÍSTICO;12/01/2020
520;11023863;Conceder;Distrito de Chamartín;CALLE GENERAL ZABALA 19;BAJA;2;500/2019/14052;VIVIENDAS DE USO TURÍSTICO;10/03/2020
521;11141740;Conceder;Distrito de Centro;CALLE ALAGON 22;BAJA;1;500/2020/00137;VIVIENDAS DE USO TURÍSTICO;16/02/2020
522;11063887;Conceder;Distrito de Latina;CALLE CARLINA 4;SOTANO;2;500/2020/00690;VIVIENDAS DE USO TURÍSTICO;30/03/2020
523;11033309;Conceder;Distrito de Tetuan;CALLE MOLINA 28;BAJA;1;500/2020/00887;VIVIENDAS DE USO TURÍSTICO;10/03/2020
524;11033310;Conceder;Distrito de Tetuan;CALLE MOLINA 30;BAJA;1;500/2020/00904;VIVIENDAS DE USO TURÍSTICO;25/02/2020
525;11017220;Conceder;Distrito de Salamanca;CALLE ROMA 3;BAJA;1;500/2020/01023;VIVIENDAS DE USO TURÍSTICO;13/04/2020
526;11018700;Conceder;Distrito de Salamanca;CALLE COSLADA 24;BAJA;1;500/2020/01110;VIVIENDAS DE USO TURÍSTICO;22/05/2020
527;11083733;Conceder;Distrito de Usera;AVENIDA MANZANARES 214;BAJA;1;500/2020/01246;VIVIENDAS DE USO TURÍSTICO;29/04/2020
528;11006007;Conceder;Distrito de Centro;CALLE SAN VICENTE FERRER 43;BAJA Y SOTANO;1;500/2020/01345;VIVIENDAS DE USO TURÍSTICO;10/03/2020
529;11029252;Conceder;Distrito de Tetuan;CALLE ORENSE 3;BAJA;1;500/2020/01491;VIVIENDAS DE USO TURÍSTICO;10/03/2020
530;11012428;Conceder;Distrito de Retito;FERNAN GONZALEZ 50;BAJA;1;500/2020/01576;VIVIENDAS DE USO TURÍSTICO;12/03/2020
531;11000848;Conceder;Distrito de Centro;CALLE AGUAS 3;BAJA;1;500/2020/01833;VIVIENDAS DE USO TURÍSTICO;16/04/2020
532;11080710;Conceder;Distrito de Usera;CALLE GRAN AVENIDA 41;BAJA;1;500/2020/01990;VIVIENDAS DE USO TURÍSTICO;29/04/2020
533;11082061;Conceder;Distrito de Usera;CALLE OTEIZA 48;BAJA;1;500/2020/01991;VIVIENDAS DE USO TURÍSTICO;13/04/2020
534;11098320;Conceder;Distrito de Puente de Vallecas;CALLE CALELLA 2;BAJA;1;500/2020/01994;VIVIENDAS DE USO TURÍSTICO;01/04/2020
535;11080762;Conceder;Distrito de Usera;CALLE PRADOLONGO 1;BAJA;1;500/2020/01995;VIVIENDAS DE USO TURÍSTICO;01/04/2020
536;11039131;Conceder;Distrito de Chamberí;CALLE HILARION ESLAVA 60 ;BAJA Y SOTANO;2;500/2020/02181;VIVIENDAS DE USO TURÍSTICO;02/04/2020
537;11029375;Conceder;Distrito de Tetuan;CALLE OVIEDO 4 ;BAJA;1;500/2020/02189;VIVIENDAS DE USO TURÍSTICO;13/04/2020
538;11065405;Conceder;Distrito de Latina;CALLE MAQUEDA 141;BAJA;1;500/2020/02312;;07/04/2020
539;11060232;Conceder;Distrito de Latina;CALLE  JUAN TORNERO  24;BAJA;1;500/2020/02324;VIVIENDAS DE USO TURÍSTICO;18/06/2020
540;20004830;Conceder;Distrito de Centro;CALLE ZURITA 16;BAJA;1;500/2020/02337;VIVIENDAS DE USO TURÍSTICO;13/04/2020
541;20086929;Conceder;Distrito de Latina;CALLE  GOTARRENDURA 6;BAJA;2;500/2020/02511;VIVIENDAS DE USO TURÍSTICO;22/04/2020
542;11029191;Conceder;Distrito de Tetuan;CALLE  ARTISTAS 38;BAJA Y SOTANO;1;500/2020/02605;VIVIENDAS DE USO TURÍSTICO;30/04/2020
543;11002000;Conceder;Distrito de Centro;CALLE OSO 3;BAJA;2;500/2020/02628;VIVIENDAS DE USO TURÍSTICO;29/04/2020
544;20158964;Conceder;Distrito de San Blas - Canillejas;CALLE ETRURIA 7;BAJA Y SOTANO;2;500/2020/02829;VIVIENDAS DE USO TURÍSTICO;08/05/2020
545;11126479;Conceder;Distrio de Villaverde;CALLE POTASA 20;BAJA;2;500/2020/02866;VIVIENDAS DE USO TURÍSTICO;18/05/2020
546;11018962;Conceder;Distrito de Salamanca;CALLE GENERAL ORAA  70;SEGUNDA;1;500/2020/03052;VIVIENDAS DE USO TURÍSTICO;03/07/2020
547;11000898;Conceder;Distrito de Centro;CALLE LUCIENTE  5;BAJA;1;500/2020/03342;VIVIENDAS DE USO TURÍSTICO;09/06/2020
548;11082418;Conceder;Distrito de Usera;CALLE  SANTUARIO  23;BAJA;1;500/2020/03482;VIVIENDAS DE USO TURÍSTICO;10/07/2020
549;11082418;Conceder;Distrito de Usera;CALLE SANTUARIO  23;BAJA;1;500/2020/03483;VIVIENDAS DE USO TURÍSTICO;10/07/2020
550;11003337;Conceder;Distrito de Centro;CALLE CENICERO  6;BAJA;1;500/2020/03675;VIVIENDAS DE USO TURÍSTICO;23/06/2020
551;11103531;Conceder;Distrito de Ciudad Lineal;CALLE  SAN LAMBERTO  1;BAJA;1;500/2020/03715;VIVIENDAS DE USO TURÍSTICO;30/06/2020
552;11103524;Conceder;Distrito de Ciudad Lineal;CALLE SAN LAMBERTO   15;BAJA;1;500/2020/03717;VIVIENDAS DE USO TURÍSTICO;30/06/2020
553;11000909;Conceder;Distrito de Centro;CALLE MEDIODIA GRANDE   20;BAJA;1;500/2020/03916;VIVIENDAS DE USO TURÍSTICO;08/07/2020
554;11001523;Conceder;Distrito de Centro;CALLE  DUQUE DE RIVAS 8;PRIMERA;2;500/2020/04352;VIVIENDAS DE USO TURÍSTICO;16/07/2020
555;11096760;Conceder;Distrito de Puente de Vallecas;CALLE SAN CLAUDIO 44;BAJA;1;500/2020/04503;VIVIENDAS DE USO TURÍSTICO;17/08/2020
556;11096760;Conceder;Distrito de Puente de Vallecas;CALLE SAN CLAUDIO 44;BAJA;1;500/2020/04504;VIVIENDAS DE USO TURÍSTICO;17/08/2020
557;31009049;Conceder;Distrito de Salamanca;CALLE ROBERTO DOMINGO  1 A;BAJA Y SOTANO;1;500/2020/04537;VIVIENDAS DE USO TURÍSTICO;18/05/2021
558;11060353;Conceder;Distrito de Latina;CALLE DOÑA MENCIA   13;BAJA;1;500/2020/05081;VIVIENDAS DE USO TURÍSTICO;27/08/2020
559;11060352;Conceder;Distrito de Latina;CALLE DOÑA MENCIA   11;BAJA;1;500/2020/05083;VIVIENDAS DE USO TURÍSTICO;26/08/2020
560;11052109;Conceder;Distrito de Moncloa-Aravaca;PASEO FLORIDA 45;BAJA;2;500/2020/05168;VIVIENDAS DE USO TURÍSTICO;11/09/2020
561;20012874;Conceder;Distrito de Tetuan;CALLE BERRUGUETE   59;BAJA;10;500/2020/05407;VIVIENDAS DE USO TURÍSTICO;20/11/2020
562;11000095;Conceder;Distrito de Centro;CALLE FOMENTO   36;BAJA;1;500/2020/05780;VIVIENDAS DE USO TURÍSTICO;02/10/2020
563;31010684;Conceder;Distrito de Tetuan;CALLE TORRIJOS   2;PRIMERA;1;500/2020/05997;VIVIENDAS DE USO TURÍSTICO;12/01/2021
564;11018293;Conceder;Distrito de Salamanca;CALLE  AZCONA   46;BAJA;1;500/2020/06111;VIVIENDAS DE USO TURÍSTICO;27/10/2020
565;11018293;Conceder;Distrito de Salamanca;CALLE  AZCONA   46;BAJA;1;500/2020/06137;VIVIENDAS DE USO TURÍSTICO;27/08/2020
566;11100034;Conceder;Distrito de Puente de Vallecas;CALLE  PICO ALMANZOR   12;BAJA;1;500/2020/06139;VIVIENDAS DE USO TURÍSTICO;15/10/2020
567;11080745;Conceder;Distrito de Usera;PLAZA PROMESAS  6;BAJA;1;500/2020/06533;VIVIENDAS DE USO TURÍSTICO;27/10/2020
568;11103524;Conceder;Distrito de Ciudad Lineal;CALLE SAN LAMBERTO   15;SOTANO;1;500/2020/06556;VIVIENDAS DE USO TURÍSTICO;04/11/2020
569;11037504;Conceder;Distrito de Tetuan;CALLE PEDRO TEZANO   26;BAJA;3;500/2020/06665;VIVIENDAS DE USO TURÍSTICO;04/04/2022
570;11002698;Conceder;Distrito de Centro;CALLE  OLIVAR  28;BAJA;1;500/2020/06668;VIVIENDAS DE USO TURÍSTICO;22/01/2021
571;11069473;Conceder;Distrito de Carabanchel;CALLE EDUARDO MARQUINA  28;BAJA;1;500/2020/06741;VIVIENDAS DE USO TURÍSTICO;06/11/2020
572;11110737;Conceder;Distrito de Ciudad Lineal;CALLE VIRGEN DE LA FUENSANTA   1;BAJA;1;500/2020/06930;VIVIENDAS DE USO TURÍSTICO;20/11/2020
573;11111776;Conceder;Distrito de Ciudad Lineal;PLAZA  CIUDAD DE SALTA   5;BAJA;2;500/2020/06961;VIVIENDAS DE USO TURÍSTICO;19/01/2021
574;11017658;Conceder;Distrito de Salamanca;CALLE NUESTRA SEÑORA DE GUADALUPE   6;BAJA;2;500/2020/07280;VIVIENDAS DE USO TURÍSTICO;02/12/2020
575;11118495;Conceder;Disrito de Hortaleza;CALLE BELIANES 14;BAJA;4;500/2020/07318;VIVIENDAS DE USO TURÍSTICO;09/06/2021
576;11007125;Conceder;Distrito de Centro;CALLE  LUNA  11;BAJA Y SOTANO;1;500/2020/07395;VIVIENDAS DE USO TURÍSTICO;16/12/2020
577;11083796;Conceder;Distrito de Usera;CALLE MONEDEROS 15;BAJA;3;500/2020/07412;VIVIENDAS DE USO TURÍSTICO;22/12/2020
578;20086935;Conceder;Distrito de Latina;CALLE  GOTARRENDURA  10;BAJA;1;500/2020/07521;VIVIENDAS DE USO TURÍSTICO;14/12/2020
579;11048294;Conceder;Distrito de Fuencarral-El Pardo;CALLE MATARO  28;BAJA;1;500/2020/07596;VIVIENDAS DE USO TURÍSTICO;22/12/2020
580;31035460;Conceder;Distrito de Fuencarral-El Pardo;CALLE MATARO  25;BAJA;1;500/2020/07603;VIVIENDAS DE USO TURÍSTICO;22/12/2020
581;11038928;Conceder;Distrito de Chamberí;CALLE DONOSO CORTES    73;BAJA;1;500/2020/07849;VIVIENDAS DE USO TURÍSTICO;18/01/2021
582;11060592;Conceder;Distrito de Latina;CALLE ANTILLON  12;BAJA;1;500/2020/07887;VIVIENDAS DE USO TURÍSTICO;13/01/2021
583;11019334;Conceder;Distrito de Salamanca;CALLE  DON RAMON DE LA CRUZ  89;BAJA;1;500/2021/00007;VIVIENDAS DE USO TURÍSTICO;19/01/2021
584;11001173;Conceder;Distrito de Centro;CALLE CALATRAVA   20;BAJA;1;500/2021/00045;VIVIENDAS DE USO TURÍSTICO;23/03/2021
585;11123578;Conceder;Distrito de Villaverde;CALLE GILENA   16;BAJA;1;500/2021/00046;VIVIENDAS DE USO TURÍSTICO;28/01/2021
586;31035460;Conceder;Distrito de Fuencarral-El Pardo;CALLE MATARO  25;BAJA;1;500/2021/00085;VIVIENDAS DE USO TURÍSTICO;01/02/2021
587;11037410;Conceder;Distrito de Tetuan;PASEO DIRECCION   46;PRIMERA;1;500/2021/00106;VIVIENDAS DE USO TURÍSTICO;23/03/2021
588;11101392;Conceder;Distrito de Moratalaz;CALLE ANTONIO CUMELLA  7;BAJA;5;500/2021/00321;VIVIENDAS DE USO TURÍSTICO;04/02/2021
589;11110988;Conceder;Distrito de Ciudad Lineal;CALLE TORRELAGUNA  16;BAJA;1;500/2021/00433;VIVIENDAS DE USO TURÍSTICO;08/02/2021
590;11061856;Conceder;Distrito de Latina;AVENIDA PORTUGAL  141;BAJA;2;500/2021/00661;VIVIENDAS DE USO TURÍSTICO;08/03/2021
591;11013136;Conceder;Distrito de Retiro;CALLE JULIO REY PASTOR 2;BAJA;1;500/2021/00881;VIVIENDAS DE USO TURÍSTICO;03/03/2021
592;11052176;Conceder;Distrito de Moncloa-Aravaca;PASEO REY  18;BAJA Y SOTANO;1;500/2021/00886;VIVIENDAS DE USO TURÍSTICO;26/02/2021
593;11017658;Conceder;Distrito de Salamanca;CALLE NUESTRA SEÑORA DE GUADALUPE  6;BAJA;2;500/2021/00900;VIVIENDAS DE USO TURÍSTICO;16/04/2021
594;11107015;Conceder;Distrito de Ciudad Lineal;CALLE GANDHI 5;baja;4;500/2021/01013;VIVIENDAS DE USO TURÍSTICO;03/03/2021
595;11005482;Conceder;Distrito de Centro;CALLE DIVINO PASTOR 7;BAJA;1;500/2021/01151;VIVIENDAS DE USO TURÍSTICO;17/03/2021
596;11052910;Conceder;Distrito de Moncloa-Aravaca;CALLE TUTOR  59;BAJA;1;500/2021/01404;VIVIENDAS DE USO TURÍSTICO;24/04/2021
597;11052910;Conceder;Distrito de Moncloa-Aravaca;CALLE TUTOR  59;BAJA;1;500/2021/01406;VIVIENDAS DE USO TURÍSTICO;12/05/2021
598;20118225;Conceder;Distrito de Arganzuela;CALLE PUERTO DE LA CRUZ VERDE  11;BAJA;3;500/2021/01469;VIVIENDAS DE USO TURÍSTICO;05/04/2021
599;11002631;Conceder;Distrito de Centro;CALLE  TORRECILLA DEL LEAL  5;BAJA;2;500/2021/01532;VIVIENDAS DE USO TURÍSTICO;23/03/2021
600;11107663;Conceder;Distrito de Ciudad Lineal;CALLE EMILIO FERRARI  27;BAJA;1;500/2021/01703;VIVIENDAS DE USO TURÍSTICO;05/04/2021
601;11048294;Conceder;Distrito de Fuencarral-El Pardo;CALLE  MATARO  28;BAJA;1;500/2021/01829;VIVIENDAS DE USO TURÍSTICO;23/04/2021
602;11048294;Conceder;Distrito de Fuencarral-El Pardo;CALLE MATARO  28;BAJA;1;500/2021/01847;VIVIENDAS DE USO TURÍSTICO;08/06/2021
603;11048294;Conceder;Distrito de Fuencarral-El Pardo;CALLE  MATARO  28;BAJA;1;500/2021/01855;VIVIENDAS DE USO TURÍSTICO;08/06/2021
604;11018636;Conceder;Distrito de Salamanca;CALLE JOSE PICON  29;BAJA;1;500/2021/01883;VIVIENDAS DE USO TURÍSTICO;07/04/2021
605;11100515;Conceder;Distrito de Puente de Vallecas;CALLE MENDIVIL  16;BAJA;1;500/2021/01948;VIVIENDAS DE USO TURÍSTICO;08/06/2021
606;20169494;Conceder;Distrito de Tetuan;CALLE  MIOSOTIS  13;1 BAJA, 2 PRIMERA Y 2 SEGUNDA;5;500/2021/02126;VIVIENDAS DE USO TURÍSTICO;30/07/2021
607;11028590;Conceder;Distrito de Tetuan;CALLE JERONIMA LLORENTE  19;BAJA;2;500/2021/02351;VIVIENDAS DE USO TURÍSTICO;12/05/2021
608;11047070;Conceder;Distrito de Fuencarral-El Pardo;AVENIDA  LLANO CASTELLANO  7;BAJA;3;500/2021/02568;VIVIENDAS DE USO TURÍSTICO;13/05/2021
609;11095316;Conceder;Distrito de Puente de Vallecas;CALLE  UCEDA  7;BAJA;2;500/2021/02824;VIVIENDAS DE USO TURÍSTICO;01/09/2021
610;11023863;Conceder;Distrito de Chamartín;CALLE  GENERAL ZABALA  19;PRIMERA;2;500/2021/02977;VIVIENDAS DE USO TURÍSTICO;06/07/2021
611;11038624;Conceder;Distrito de Chamberí;CALLE  RODRIGUEZ SAN PEDRO  62;BAJA Y SOTANO;1;500/2021/03096;VIVIENDAS DE USO TURÍSTICO;24/05/2021
612;11038590;Conceder;Distrito de Chamberí;CALLE  ANDRES MELLADO  31;SOTANO;2;500/2021/03158;VIVIENDAS DE USO TURÍSTICO;06/07/2021
613;11000733;Conceder;Distrito de Centro;CALLE CAVA ALTA  21;BAJA Y SOTANO;1;500/2021/03174;VIVIENDAS DE USO TURÍSTICO;08/06/2021
614;11004927;Conceder;Distrito de Centro;CALLE SANTA BRIGIDA  17;BAJA Y SOTANO;1;500/2021/03257;VIVIENDAS DE USO TURÍSTICO;31/05/2021
615;11038590;Conceder;Distrito de Chamberí;CALLE  ANDRES MELLADO  31;SOTANO;2;500/2021/03409;VIVIENDAS DE USO TURÍSTICO;08/06/2021
616;11002397;Conceder;Distrito de Centro;CALLE AMPARO  11;BAJA;1;500/2021/03498;VIVIENDAS DE USO TURÍSTICO;06/07/2021
617;11001578;Conceder;Distrito de Centro;PLAZA TIRSO DE MOLINA  20;BAJA;1;500/2021/03607;;14/07/2021
618;11028843;Conceder;Distrito de Tetuan;CALLE FRANCISCO SALAS 4;BAJA;2;500/2021/03652;VIVIENDAS DE USO TURÍSTICO;14/07/2022
619;11001002;Conceder;Distrito de Centro;PLAZA  MORERIA  1;BAJA Y SOTANO;1;500/2021/03747;VIVIENDAS DE USO TURÍSTICO;01/09/2021
620;11002024;Conceder;Distrito de Centro;CALLE RODAS 18;BAJA;1;500/2021/03886;VIVIENDAS DE USO TURÍSTICO;26/07/2021
621;11060203;Conceder;Distrito de Latina;CALLE  SAN  CRISPIN  5;BAJA;1;500/2021/03889;VIVIENDAS DE USO TURÍSTICO;01/09/2021
622;11046454;Conceder;Distrito de Fuencarral-El Pardo;CALLE  PONFERRADA  35;BAJA;1;500/2021/03900;VIVIENDAS DE USO TURÍSTICO;01/09/2021
623;11047572;Conceder;Distrito de Fuencarral-El Pardo;CALLE ISLA DE JAVA  78;BAJA;1;500/2021/03989;VIVIENDAS DE USO TURÍSTICO;14/07/2021
624;11047572;Conceder;Distrito de Fuencarral-El Pardo;CALLE ISLA DE JAVA  78;BAJA;1;500/2021/03991;VIVIENDAS DE USO TURÍSTICO;06/07/2021
625;11033852;Conceder;Distrito de Tetuan;CALLE CAPITAN BLANCO ARGIBAY  5;1 BAJA, 2 PRIMERA;3;500/2021/04043;VIVIENDAS DE USO TURÍSTICO;08/04/2022
626;11002115;Conceder;Distrito de Centro;CALLE  CABESTREROS  11;BAJA;2;500/2021/04079;VIVIENDAS DE USO TURÍSTICO;22/11/2021
627;11001143;Conceder;Distrito de Centro;RONDA SEGOVIA  41;BAJA;1;500/2021/04240;VIVIENDAS DE USO TURÍSTICO;20/08/2021
628;11052067;Conceder;Distrito de Moncloa-Aravaca;AVENIDA VALLADOLID  3;BAJA;1;500/2021/04241;VIVIENDAS DE USO TURÍSTICO;30/07/2021
629;20169494;Conceder;Distrito de Tetuan;CALLE  MIOSOTIS  13;1 BAJA, 2 PRIMERA;3;500/2021/04268;VIVIENDAS DE USO TURÍSTICO;14/07/2021
630;11008925;Conceder;Distrito de Arganzuela;CALLE ALDEA DEL FRESNO  25;BAJA;3;500/2021/04325;VIVIENDAS DE USO TURÍSTICO;14/07/2021
631;11006667;Conceder;Distrito de Centro;CALLE AMANIEL  9;BAJA;1;500/2021/04629;VIVIENDAS DE USO TURÍSTICO;22/07/2021
632;11002455;Conceder;Distrito de Centro;CALLE JESUS Y MARÍA  25;BAJA;1;500/2021/04741;VIVIENDAS DE USO TURÍSTICO;22/07/2021
633;11047622;Conceder;Distrito de Fuencarral-El Pardo;CALLE  LABAJOS  4;PRIMERA;2;500/2021/04971;VIVIENDAS DE USO TURÍSTICO;01/09/2021
634;11039917;Conceder;Distrito de Chamberí;CALLE PALAFOX  9;BAJA;1;500/2021/05159;VIVIENDAS DE USO TURÍSTICO;05/08/2021
635;11039917;Conceder;Distrito de Chamberí;CALLE PALAFOX 9;BAJA;1;500/2021/05161;VIVIENDAS DE USO TURÍSTICO;30/07/2021
636;11086362;Conceder;Distrito de Usera;CALLE GONZALEZ ARIAS 3;PRIMERA;1;500/2021/05218;VIVIENDAS DE USO TURÍSTICO;10/08/2021
637;11029849;Conceder;Distrito de Tetuan;CALLE  TERUEL  25;BAJA;1;500/2021/05274;;05/08/2021
638;11018319;Conceder;Distrito de Salamanca;CALLE CARTAGENA  47;BAJA Y SOTANO;1;500/2021/05314;VIVIENDAS DE USO TURÍSTICO;05/08/2021
639;11029534;Conceder;Distrito de Tetuan;CALLE  PALENCIA 39;BAJA;1;500/2021/05671;VIVIENDAS DE USO TURÍSTICO;20/08/2021
640;11018806;Conceder;Distrito de Salamanca;CALLE COSLADA  8;BAJA;2;500/2021/05918;VIVIENDAS DE USO TURÍSTICO;01/09/2021
641;11002323;Conceder;Distrito de Centro;CALLE AMPARO 86;BAJA Y SOTANO;2;500/2021/06027 500/2022/00023;VIVIENDAS DE USO TURÍSTICO;14/01/2022
642;11012355;Conceder;Distrito de Retiro;CALLE NARVAEZ  71;BAJA;2;500/2021/06172;VIVIENDAS DE USO TURÍSTICO;04/10/2021
643;11006818;Conceder;Distrito de Centro;CALLE  MANZANA  7;BAJA Y SOTANO;1;500/2021/06339;VIVIENDAS DE USO TURÍSTICO;10/09/2021
644;11092835;Conceder;Distrito de Puente de Vallecas;CALLE SIERRA DE ALCUBIERRE  7;1 PRIMERA, 1 SEGUNDA , 1 TERCERA;3;500/2021/06746;VIVIENDAS DE USO TURÍSTICO;28/09/2021
645;11018589;Conceder;Distrito de Salamanca;CALLE ANDRES TAMAYO  3;BAJA;1;500/2021/06922;VIVIENDAS DE USO TURÍSTICO;06/10/2021
646;11060045;Conceder;Distrito de Latina;CALLE GENISTA  7;BAJA;2;500/2021/06977;VIVIENDAS DE USO TURÍSTICO;08/10/2021
647;11061018;Conceder;Distrito de Latina;CALLE  BARRAFON  21;BAJA;1;500/2021/07033;VIVIENDAS DE USO TURÍSTICO;25/10/2021
648;11061018;Conceder;Distrito de Latina;CALLE  BARRAFON  21;BAJA;1;500/2021/07163;VIVIENDAS DE USO TURÍSTICO;25/10/2021
649;11016408;Conceder;Distrito de Salamanca;CALLE  LOS PEÑASCALES  7;SOTANO;1;500/2021/07399;VIVIENDAS DE USO TURÍSTICO;02/11/2021
650;11092835;Conceder;Distrito de Puente de Vallecas;CALLE  SIERRA DE ALCUBIERRE  7;1 PRIMERA, 1 SEGUNDA , 1 TERCERA;3;500/2021/07414;VIVIENDAS DE USO TURÍSTICO;02/11/2021
651;11036815;Conceder;Distrito de Tetuan;CALLE  ALGODONALES  73;BAJA;1;500/2021/07798;VIVIENDAS DE USO TURÍSTICO;22/11/2021
652;20150539;Conceder;Distrito de Barajas;AVENIDA GENERAL 13;EDIF EXCLUSIVO;7;500/2021/07886;VIVIENDAS DE USO TURÍSTICO;25/11/2021
653;11030403;Conceder;Distrito de Tetuan;CALLE HERMANO GARATE  9;BAJA;1;500/2021/07888;VIVIENDAS DE USO TURÍSTICO;25/11/2021
654;11018701;Conceder;Distrito de Salamanca;CALLE  COSLADA  26;3  BAJA , 2 BAJA Y SOTANO;5;500/2021/07963;VIVIENDAS DE USO TURÍSTICO;28/02/2022
655;20153456;Conceder;Distrito de Barajas;CALLE ALCAÑIZ  6;BAJA;1;500/2021/08116;;25/11/2021
656;11006342;Conceder;Distrito de Centro;CALLE  SAN VICENTE FERRER  76;BAJA;1;500/2021/08117;VIVIENDAS DE USO TURÍSTICO;26/11/2021
657;20148260;Conceder;Distrito de Tetuan;CALLE  ALVAREZ  2;BAJA;2;500/2021/08140;VIVIENDAS DE USO TURÍSTICO;25/11/2021
658;11008476;Conceder;Distrito de Arganzuela;CALLE  LAUREL  23;BAJA;3;500/2021/08205;VIVIENDAS DE USO TURÍSTICO;17/12/2021
659;11092318;Conceder;Distrito de Puente de Vallecas;CALLE  EDUARDO SANZ  19;1 BAJA, 1 PRIMERA, 1 SEGUNDA;3;500/2021/08368;VIVIENDAS DE USO TURÍSTICO;10/12/2021
660;11001522;Conceder;Distrito de Centro;CALLE DUQUE DE RIVAS  6;BAJA;1;500/2021/08967;VIVIENDAS DE USO TURÍSTICO;10/05/2022
661;20183906;Conceder;Distrito de San Blas-Canillejas;CALLE SUIZA  30;BAJA Y PRIMERA;1;500/2021/09028;VIVIENDAS DE USO TURÍSTICO;20/05/2022
662;11022537;Conceder;Distrito de Chamartín;PASAJE PRADILLO  5;BAJA;1;500/2021/09070;VIVIENDAS DE USO TURÍSTICO;19/04/2022
663;11110799;Conceder;Distrito de Ciudad Lineal;CALLE VIRGEN DE AFRICA  35;BAJA;1;500/2021/09238;VIVIENDAS DE USO TURÍSTICO;13/01/2022
664;11002323;Conceder;Distrito de Centro;CALLE AMPARO 86;BAJA;1;500/2022/00023;VIVIENDAS DE USO TURÍSTICO;14/01/2022
665;11106793;Conceder;Distrito de Ciudad Lineal;CALLE SANTURCE 1;BAJA;3;500/2022/00104;VIVIENDAS DE USO TURÍSTICO;21/01/2022
666;11104344;Conceder;Distrito de Ciudad Lineal;CALLE SAN MARCELO  18;BAJA;1;500/2022/00106;VIVIENDAS DE USO TURÍSTICO;17/01/2022
667;11060106;Conceder;Distrito de Latina;CALLE ANTONIO ZAMORA  4;BAJA;1;500/2022/00180;VIVIENDAS DE USO TURÍSTICO;18/01/2022
668;11032004;Conceder;Distrito de Tetuan;CALLE VICENTE GACEO 21;BAJA;1;500/2022/00218;VIVIENDAS DE USO TURÍSTICO;21/01/2022
669;11018806;Conceder;Distrito de Salamanca;CALLE COSLADA 8;BAJA;1;500/2022/00309;VIVIENDAS DE USO TURÍSTICO;10/02/2022
670;11046635;Conceder;Distrito de Fuencarral-El Pardo;PLAZA MONDARIZ 9;BAJA Y SOTANO;1;500/2022/00506;VIVIENDAS DE USO TURÍSTICO;04/02/2022
671;11008493;Conceder;Distrito de Arganzuela;CALLE PEÑUELAS 20;BAJA;2;500/2022/00585;VIVIENDAS DE USO TURÍSTICO;10/02/2022
672;11061118;Conceder;Distrito de Latina;CALLE  GALIANA  16;BAJA;1;500/2022/00665;VIVIENDAS DE USO TURÍSTICO;09/02/2022
673;11005845;Conceder;Distrito de Centro;CALLE JESUS DEL VALLE 23;BAJA;1;500/2022/00677;VIVIENDAS DE USO TURÍSTICO;17/02/2022
674;11038590;Conceder;Distrito de Chamberí;CALLE ANDRES MELLADO  31;SOTANO;3;500/2022/00693;VIVIENDAS DE USO TURÍSTICO;08/02/2022
675;31008689;Conceder;Distrito de Hortaleza;CALLE SANTA ADELA 15;BAJA Y SOTANO;1;500/2022/00709;VIVIENDAS DE USO TURÍSTICO;17/02/2022
676;11027371;Conceder;Distrito de Chamartín;PLAZA ANDRES MANJON 7;BAJA;1;500/2022/00749;VIVIENDAS DE USO TURÍSTICO;17/02/2022
677;11118894;Conceder;Distrito de Hortaleza;AVENIDA CELIO VILLALBA 6;BAJA;1;500/2022/00792;VIVIENDAS DE USO TURÍSTICO;17/02/2022
678;11032333;Conceder;Distrito de Tetuan;CALLE MATILDE LANDA 28;BAJA;2;500/2022/00863;VIVIENDAS DE USO TURÍSTICO;17/02/2022
679;11024036;Conceder;Distrito de Chamartín;CALLE AGUSTIN DE ROJAS 7;BAJA;11;500/2022/00869;VIVIENDAS DE USO TURÍSTICO;22/02/2022
680;11009884;Conceder;Distrito de Arganzuela;CALLE TARRAGONA 2;BAJA;3;500/2022/00896;;17/02/2022
681;11001944;Conceder;Distrito de Centro;CALLE PEÑA DE FRANCIA 6;BAJA;1;500/2022/01201;VIVIENDAS DE USO TURÍSTICO;28/02/2022
682;11009398;Conceder;Distrito de Arganzuela;CALLE PUERTO DE MIRAVETE 11;BAJA;2;500/2022/01252;VIVIENDAS DE USO TURÍSTICO;28/02/2022
683;11028055;Conceder;Distrito de Tetuan;CALLE SAN RAIMUNDO 22;BAJA;1;500/2022/01321;;28/02/2022
684;11009908;Conceder;Distrito de Arganzuela;CALLE CANARIAS 38;1 BAJA, 1 SOTANO;2;500/2022/01349;VIVIENDAS DE USO TURÍSTICO;04/03/2022
685;11092581;Conceder;Distrito de Puente de Vallecas;CALLE MANUEL MAROTO 29;BAJA;7;500/2022/01567;VIVIENDAS DE USO TURÍSTICO;14/03/2022
686;11012340;Conceder;Distrito de Retiro;CALLE ALCALDE SAINZ DE BARANDA 28;BAJA;1;500/2022/01597;VIVIENDAS DE USO TURÍSTICO;11/03/2022
687;11000931;Conceder;Distrito de Centro;CALLE GRANADO 2;BAJA;2;500/2022/01616;VIVIENDAS DE USO TURÍSTICO;18/03/2022
688;11042482;Conceder;Distrito de Chamberí;CALLE BRAVO MURILLO 53;BAJA;1;500/2022/01697;VIVIENDAS DE USO TURÍSTICO;14/03/2022
689;31018886;Conceder;Distrito de Ciudad Lineal;CALLE ALCALA 222;BAJA;2;500/2022/01814;VIVIENDAS DE USO TURÍSTICO;24/03/2022
690;11002330;Conceder;Distrito de Centro;CALLE  MESON DE PAREDES  83;BAJA;1;500/2022/01912;VIVIENDAS DE USO TURÍSTICO;05/05/2022
691;11021904;Conceder;Distrito de Chamartín;CALLE FRANCISCO SILVELA  93;2 BAJA, 2 PRIMERA;4;500/2022/02052;VIVIENDAS DE USO TURÍSTICO;22/04/2022
692;11103602;Conceder;Distrito de Ciudad Lineal;TRAVESÍA POETA BLAS DE OTERO 6;BAJA;1;500/2022/02192;VIVIENDAS DE USO TURÍSTICO;22/04/2022
693;11042223;Conceder;Distrito de Chamberí;CALLE MAUDES 60;BAJA;1;500/2022/02239;VIVIENDAS DE USO TURÍSTICO;01/04/2022
694;11008709;Conceder;Distrito de Arganzuela;PASEO SANTA MARIA DE LA CABEZA 68;BAJA Y SOTANO;1;500/2022/02385;VIVIENDAS DE USO TURÍSTICO;01/04/2022
695;11029642;Conceder;Distrito de Tetuan;CALLE DULCINEA 46;BAJA;1;500/2022/02429;VIVIENDAS DE USO TURÍSTICO;01/04/2022
696;11104587;Conceder;Distrito de Ciudad Lineal;PLAZA BAMI 6;BAJA;1;500/2022/02482;VIVIENDAS DE USO TURÍSTICO;22/04/2022
697;11046475;Conceder;Distrito de Fuencarral-El Pardo;CALLE SARRIA 24;BAJA;1;500/2022/02538;VIVIENDAS DE USO TURÍSTICO;19/04/2022
698;11030099;Conceder;Distrito de Tetuan;CALLE JULIAN BESTEIRO 9;BAJA;1;500/2022/02542;VIVIENDAS DE USO TURÍSTICO;05/05/2022
699;11042482;Conceder;Distrito de Chamberí;CALLE BRAVO MURILLO 53;BAJA;1;500/2022/02545;VIVIENDAS DE USO TURÍSTICO;19/04/2022
700;11060672;Conceder;Distrito de Latina;CALLE JAIME VERA 9;BAJA;1;500/2022/02634;VIVIENDAS DE USO TURÍSTICO;19/04/2022
701;11002958;Conceder;Distrito de Centro;CALLE SAN COSME Y SAN DAMIAN 14;BAJA;1;500/2022/02655;VIVIENDAS DE USO TURÍSTICO;19/04/2022
702;11000977;Conceder;Distrito de Centro;CALLE DON PEDRO 5;BAJA;1;500/2022/02696;VIVIENDAS DE USO TURÍSTICO;22/04/2022
703;11017497;Conceder;Distrito de Salamanca;CALLE FRANCISCO SANTOS  18;BAJA;1;500/2022/02726;VIVIENDAS DE USO TURÍSTICO;22/04/2022
704;11002899;Conceder;Distrito de Centro;CALLE  SALITRE  26;BAJA;1;500/2022/02857;VIVIENDAS DE USO TURÍSTICO;22/04/2022
705;11038606;Conceder;Distrito de Chamberí;CALLE GAZTAMBIDE 18;BAJA Y SOTANO;1;500/2022/02935;VIVIENDAS DE USO TURÍSTICO;05/05/2022
706;11042482;Conceder;Distrito de Chamberí;CALLE BRAVO MURILLO 53;BAJA;1;500/2022/03042;VIVIENDAS DE USO TURÍSTICO;05/05/2022
707;11024035;Conceder;Distrito de Chamartín;CALLE AGUSTIN DE ROJAS   5;BAJA;9;500/2022/03052;VIVIENDAS DE USO TURÍSTICO;05/05/2022
708;11111259;Conceder;Distrito de Ciudad Lineal;CALLE CARIBE 4;BAJA;1;500/2022/03095;VIVIENDAS DE USO TURÍSTICO;08/05/2022
709;11042301;Conceder;Distrito de Chamberí;CALLE DON ALVARO DE BAZAN 1;BSOTANO;2;500/2022/03123;VIVIENDAS DE USO TURÍSTICO;08/05/2022
710;11039908;Conceder;Distrito de Chamberí;CALLE HARTZENBUSCH 5;BAJA Y SOTANO;1;500/2022/03137;VIVIENDAS DE USO TURÍSTICO;08/05/2022
711;11042482;Conceder;Distrito de Chamberí;CALLE BRAVO MURILLO 53;BAJA;1;500/2022/03236;VIVIENDAS DE USO TURÍSTICO;08/05/2022
712;11036500;Conceder;Distrito de Tetuan;CALLE ALGODONALES 3;BAJA;1;500/2022/03458;VIVIENDAS DE USO TURÍSTICO;30/05/2022
713;11032048;Conceder;Distrito de Tetuan;CALLE  MATILDE LANDA 9;BAJA;1;500/2022/03480;VIVIENDAS DE USO TURÍSTICO;10/06/2022
714;11032048;Conceder;Distrito de Tetuan;CALLE MATILDE LANDA  9;BAJA;1;500/2022/03481;VIVIENDAS DE USO TURÍSTICO;20/05/2022
715;11039908;Conceder;Distrito de Chamberí;CALLE HARTZENBUSCH 5;BAJA Y SOTANO;1;500/2022/03524;VIVIENDAS DE USO TURÍSTICO;30/05/2022
716;11096609;Conceder;Distrito de Puente de Vallecas;CALLE ANDALUCES 26;BAJA;4;500/2022/03540;VIVIENDAS DE USO TURÍSTICO;10/06/2022
717;11002527;Conceder;Distrito de Centro;CALLE MAGDALENA 22;BAJA;1;500/2022/03750;VIVIENDAS DE USO TURÍSTICO;10/06/2022
718;11030006;Conceder;Distrito de Tetuan;CALLE  ORENSE  37;PRIMERA;1;500/2022/03820;;15/06/2022
719;11036469;Conceder;Distrito de Tetuan;CALLE LAS NAVAS 3;BAJA;3;500/2022/03829;VIVIENDAS DE USO TURÍSTICO;30/05/2022
720;11005899;Conceder;Distrito de Centro;CALLE TESORO 21;BAJA;1;500/2022/03903;VIVIENDAS DE USO TURÍSTICO;30/05/2022
721;11029644;Conceder;Distrito de Tetuan;CALLE DULCINEA  50;BAJA;1;500/2022/03962;VIVIENDAS DE USO TURÍSTICO;26/05/2022
722;20105676;Conceder;Distrito de Tetuan;CALLE CEDROS 74;BAJA;3;500/2022/03989;;26/05/2022
723;20105676;Conceder;Distrito de Tetuan;CALLE CEDROS 74;BAJA;4;500/2022/03990;VIVIENDAS DE USO TURÍSTICO;26/05/2022
724;11043901;Conceder;Distrito de Fuencarral-El Pardo;CALLE CANTALEJO 3;BAJA;4;500/2022/04272;VIVIENDAS DE USO TURÍSTICO;30/05/2022
725;11036469;Conceder;Distrito de Tetuan;CALLE LAS NAVAS 3;BAJA;3;500/2022/04337;VIVIENDAS DE USO TURÍSTICO;16/06/2022
726;11001911;Conceder;Distrito de Centro;CALLE CARLOS ARNICHES 24;BAJA Y SOTANO;1;500/2022/04404;VIVIENDAS DE USO TURÍSTICO;28/06/2022
727;11029168;Conceder;Distrito de Tetuan;CALLE ISTURIZ 8;BAJA;3;500/2022/04430;VIVIENDAS DE USO TURÍSTICO;04/07/2022
728;11104586;Conceder;Distrito de Ciudad Lineal;PLAZA BAMI 5;BAJA;1;500/2022/04462;VIVIENDAS DE USO TURÍSTICO;10/06/2022
729;11127131;Conceder;Distrito de Villaverde;CALLE CERRO DE LOS ANGELES 2;BAJA;1;500/2022/04470;VIVIENDAS DE USO TURÍSTICO;04/07/2022
730;11008683;Conceder;Distrito de Arganzuela;CALLE CARVAJALES 9;BAJA;1;500/2022/04488;VIVIENDAS DE USO TURÍSTICO;04/07/2022
731;11015059;Conceder;Distrito de Salamanca;CALLE GENERAL DIAZ PORLIER 32;SOTANO;8;500/2022/04544;VIVIENDAS DE USO TURÍSTICO;28/06/2022
732;11010323;Conceder;Distrito de Arganzuela;CALLE  DELICIAS  29;BAJA;1;500/2022/04569;VIVIENDAS DE USO TURÍSTICO;04/07/2022
733;20149748;Conceder;Distrito de Fuencarral-El Pardo;PLAZA VILLAFRANCA DE LOS BARROS 4;BAJA Y SOTANO;1;500/2022/04620;;04/07/2022
734;11045672;Conceder;Distrito de Fuencarral-El Pardo;CALLE FERMIN CABALLERO 76;BAJA;1;500/2022/04627;VIVIENDAS DE USO TURÍSTICO;27/06/2022
735;11048497;Conceder;Distrito de Fuencarral-El Pardo;CALLE FUENTE CHICA 23;BAJA;1;500/2022/04629;VIVIENDAS DE USO TURÍSTICO;27/06/2022
736;11037417;Conceder;Distrito de Tetuan;PASEO DIRECCION 27;BAJA;1;500/2022/04630;VIVIENDAS DE USO TURÍSTICO;28/07/2022
737;11007471;Conceder;Distrito de Centro;CALLE CARRETAS 23;SEGUNDA;3;500/2022/04636;VIVIENDAS DE USO TURÍSTICO;28/06/2022
738;11037586;Conceder;Distrito de Tetuan;CALLE ALONSO NUÑEZ 18;BAJA;3;500/2022/04663;VIVIENDAS DE USO TURÍSTICO;27/06/2022
739;11040332;Conceder;Distrito de Chamberí;CALLE SANTISIMA TRINIDAD 33;BAJA;4;500/2022/04727;;27/06/2022
740;11048497;Conceder;Distrito de Fuencarral-El Pardo;CALLE FUENTE CHICA 23;BAJA;1;500/2022/04728;;19/08/2022
741;11062431;Conceder;Distrito de Latina;PLAZA  PATRIARCA EIJO Y GARAY  2;PRIMERA;1;500/2022/04784;;18/07/2023
742;11010438;Conceder;Distrito de Arganzuela;PASEO  SANTA MARIA DE LA CABEZA  21;BAJA;2;500/2022/05056;;07/07/2022
743;11074969;Conceder;Distrito de Carabanchel;CALLE PARQUE EUGENIA DE MONTIJO 74;BAJA;1;500/2022/05481;;16/08/2022
744;11001529;Conceder;Distrito de Centro;CALLE CONCEPCION JERONIMA 33;BAJA;1;500/2022/05593;;17/08/2022
745;20147583;Conceder;Distrito de Centro;CALLE LORETO Y CHICOTE 2;BAJA;1;500/2022/05672;;16/08/2022
746;31025254;Conceder;Distrito de Retiro;CALLE BARRILERO 5 E;BAJA;1;500/2022/05733;;16/08/2022
747;11007984;Conceder;Distrito de Arganzuela;CALLE JUAN DUQUE 21;BAJA;1;500/2022/05747;;16/08/2022
748;11002219;Conceder;Distrito de Centro;CALLE VENTORRILLO 11;BAJA;1;500/2022/05819;;31/07/2023
749;11001395;Conceder;Distrito de Centro;CALLE CARNERO 12;BAJA;1;500/2022/06011;;22/09/2022
750;11015440;Conceder;Distrito de Salamanca;CALLE HERMOSILLA 135;BAJA;1;500/2022/06477;;02/09/2022
751;11022985;Conceder;Distrito de Chamartín;CALLE PADRE CLARET 16;BAJA;3;500/2022/06565;;22/09/2022
752;31016329;Conceder;Distrito de Arganzuela;CALLE JOSE ANTONIO ZAPATA 10;BAJA;5;500/2022/06792;;20/10/2023
753;31016328;Conceder;Distrito de Arganzuela;CALLE JOSE ANTONIO ZAPATA 8;BAJA;5;500/2022/06793;;22/09/2022
754;11022093;Conceder;Distrito de Chamartín;CALLE CANILLAS 56;BAJA;6;500/2022/06806;;27/09/2022
755;11003284;Conceder;Distrito de Centro;CALLE FUCAR 15;BAJA;1;500/2022/06927;;28/09/2022
756;11033553;Conceder;Distrito de Tetuan;CALLE PLATANO 34;BAJA;1;500/2022/06943;;25/07/2023
757;11106538;Conceder;Distrito de Ciudad Lineal;CALLE JUAN BOSCAN 61;BAJA;2;500/2022/07012;;02/12/2022
758;11000095;Conceder;Distrito de Centro;CALLE FOMENTO 36;BAJA;1;500/2022/07088;;28/11/2022
